ISO-10303-21;
HEADER;
FILE_DESCRIPTION(('FreeCAD Model'),'2;1');
FILE_NAME('Open CASCADE Shape Model','2026-03-27T13:37:04',(''),(''),
  'Open CASCADE STEP processor 7.8','FreeCAD','Unknown');
FILE_SCHEMA(('AUTOMOTIVE_DESIGN { 1 0 10303 214 1 1 1 1 }'));
ENDSEC;
DATA;
#1 = APPLICATION_PROTOCOL_DEFINITION('international standard',
  'automotive_design',2000,#2);
#2 = APPLICATION_CONTEXT(
  'core data for automotive mechanical design processes');
#3 = SHAPE_DEFINITION_REPRESENTATION(#4,#10);
#4 = PRODUCT_DEFINITION_SHAPE('','',#5);
#5 = PRODUCT_DEFINITION('design','',#6,#9);
#6 = PRODUCT_DEFINITION_FORMATION('','',#7);
#7 = PRODUCT('MultipartCutPocket001','MultipartCutPocket001','',(#8));
#8 = PRODUCT_CONTEXT('',#2,'mechanical');
#9 = PRODUCT_DEFINITION_CONTEXT('part definition',#2,'design');
#10 = ADVANCED_BREP_SHAPE_REPRESENTATION('',(#11,#15),#2510);
#11 = AXIS2_PLACEMENT_3D('',#12,#13,#14);
#12 = CARTESIAN_POINT('',(0.,0.,0.));
#13 = DIRECTION('',(0.,0.,1.));
#14 = DIRECTION('',(1.,0.,-0.));
#15 = MANIFOLD_SOLID_BREP('',#16);
#16 = CLOSED_SHELL('',(#17,#192,#267,#375,#561,#585,#609,#644,#669,#693,
    #718,#742,#766,#783,#851,#869,#894,#919,#944,#969,#1001,#1026,#1080,
    #1133,#1150,#1340,#1364,#1388,#1405,#1429,#1453,#1470,#1487,#1504,
    #1600,#1624,#1671,#1695,#1719,#1736,#1753,#1778,#1803,#1828,#1853,
    #1878,#1903,#1934,#1985,#2003,#2049,#2060,#2080,#2100,#2120,#2140,
    #2157,#2178,#2197,#2216,#2239,#2262,#2279,#2296,#2313,#2330,#2347,
    #2364,#2376,#2388,#2397,#2406,#2415,#2424,#2433,#2442,#2467,#2492,
    #2501));
#17 = ADVANCED_FACE('',(#18,#143,#154,#165,#176),#187,.F.);
#18 = FACE_BOUND('',#19,.F.);
#19 = EDGE_LOOP('',(#20,#30,#39,#47,#55,#63,#71,#79,#88,#96,#105,#113,
    #121,#129,#137));
#20 = ORIENTED_EDGE('',*,*,#21,.T.);
#21 = EDGE_CURVE('',#22,#24,#26,.T.);
#22 = VERTEX_POINT('',#23);
#23 = CARTESIAN_POINT('',(142.5,39.,67.5));
#24 = VERTEX_POINT('',#25);
#25 = CARTESIAN_POINT('',(142.5,39.,-62.75));
#26 = LINE('',#27,#28);
#27 = CARTESIAN_POINT('',(142.5,39.,67.5));
#28 = VECTOR('',#29,1.);
#29 = DIRECTION('',(0.,0.,-1.));
#30 = ORIENTED_EDGE('',*,*,#31,.T.);
#31 = EDGE_CURVE('',#24,#32,#34,.T.);
#32 = VERTEX_POINT('',#33);
#33 = CARTESIAN_POINT('',(140.5,39.,-64.75));
#34 = CIRCLE('',#35,2.);
#35 = AXIS2_PLACEMENT_3D('',#36,#37,#38);
#36 = CARTESIAN_POINT('',(140.5,39.,-62.75));
#37 = DIRECTION('',(0.,1.,-2.2E-16));
#38 = DIRECTION('',(0.,2.2E-16,1.));
#39 = ORIENTED_EDGE('',*,*,#40,.T.);
#40 = EDGE_CURVE('',#32,#41,#43,.T.);
#41 = VERTEX_POINT('',#42);
#42 = CARTESIAN_POINT('',(2.888894916581E-34,39.,-64.75));
#43 = LINE('',#44,#45);
#44 = CARTESIAN_POINT('',(142.5,39.,-64.75));
#45 = VECTOR('',#46,1.);
#46 = DIRECTION('',(-1.,0.,0.));
#47 = ORIENTED_EDGE('',*,*,#48,.T.);
#48 = EDGE_CURVE('',#41,#49,#51,.T.);
#49 = VERTEX_POINT('',#50);
#50 = CARTESIAN_POINT('',(0.,39.,-52.75));
#51 = LINE('',#52,#53);
#52 = CARTESIAN_POINT('',(-2.166671187436E-34,39.,42.951641001802));
#53 = VECTOR('',#54,1.);
#54 = DIRECTION('',(-6.77334443602E-36,2.2E-16,1.));
#55 = ORIENTED_EDGE('',*,*,#56,.F.);
#56 = EDGE_CURVE('',#57,#49,#59,.T.);
#57 = VERTEX_POINT('',#58);
#58 = CARTESIAN_POINT('',(15.,39.,-52.75));
#59 = LINE('',#60,#61);
#60 = CARTESIAN_POINT('',(15.,39.,-52.75));
#61 = VECTOR('',#62,1.);
#62 = DIRECTION('',(-1.,0.,0.));
#63 = ORIENTED_EDGE('',*,*,#64,.T.);
#64 = EDGE_CURVE('',#57,#65,#67,.T.);
#65 = VERTEX_POINT('',#66);
#66 = CARTESIAN_POINT('',(15.,39.,-60.75));
#67 = LINE('',#68,#69);
#68 = CARTESIAN_POINT('',(15.,39.,-56.75));
#69 = VECTOR('',#70,1.);
#70 = DIRECTION('',(0.,-2.2E-16,-1.));
#71 = ORIENTED_EDGE('',*,*,#72,.T.);
#72 = EDGE_CURVE('',#65,#73,#75,.T.);
#73 = VERTEX_POINT('',#74);
#74 = CARTESIAN_POINT('',(134.5,39.,-60.74999999999));
#75 = LINE('',#76,#77);
#76 = CARTESIAN_POINT('',(15.,39.,-60.75));
#77 = VECTOR('',#78,1.);
#78 = DIRECTION('',(1.,0.,1.653E-14));
#79 = ORIENTED_EDGE('',*,*,#80,.T.);
#80 = EDGE_CURVE('',#73,#81,#83,.T.);
#81 = VERTEX_POINT('',#82);
#82 = CARTESIAN_POINT('',(138.49999999999,39.,-56.75));
#83 = CIRCLE('',#84,3.999997);
#84 = AXIS2_PLACEMENT_3D('',#85,#86,#87);
#85 = CARTESIAN_POINT('',(138.499997,39.,-60.749997));
#86 = DIRECTION('',(0.,1.,-0.));
#87 = DIRECTION('',(-1.,0.,0.));
#88 = ORIENTED_EDGE('',*,*,#89,.F.);
#89 = EDGE_CURVE('',#90,#81,#92,.T.);
#90 = VERTEX_POINT('',#91);
#91 = CARTESIAN_POINT('',(138.49999999999,39.,59.500000000003));
#92 = LINE('',#93,#94);
#93 = CARTESIAN_POINT('',(138.49999999999,39.,59.500000000003));
#94 = VECTOR('',#95,1.);
#95 = DIRECTION('',(2.836E-14,0.,-1.));
#96 = ORIENTED_EDGE('',*,*,#97,.T.);
#97 = EDGE_CURVE('',#90,#98,#100,.T.);
#98 = VERTEX_POINT('',#99);
#99 = CARTESIAN_POINT('',(134.5,39.,63.499999999995));
#100 = CIRCLE('',#101,4.0000045);
#101 = AXIS2_PLACEMENT_3D('',#102,#103,#104);
#102 = CARTESIAN_POINT('',(138.5000045,39.,63.5000045));
#103 = DIRECTION('',(0.,1.,-0.));
#104 = DIRECTION('',(-1.,0.,0.));
#105 = ORIENTED_EDGE('',*,*,#106,.T.);
#106 = EDGE_CURVE('',#98,#107,#109,.T.);
#107 = VERTEX_POINT('',#108);
#108 = CARTESIAN_POINT('',(15.,39.,63.5));
#109 = LINE('',#110,#111);
#110 = CARTESIAN_POINT('',(134.5,39.,63.499999999995));
#111 = VECTOR('',#112,1.);
#112 = DIRECTION('',(-1.,0.,4.465E-14));
#113 = ORIENTED_EDGE('',*,*,#114,.T.);
#114 = EDGE_CURVE('',#107,#115,#117,.T.);
#115 = VERTEX_POINT('',#116);
#116 = CARTESIAN_POINT('',(15.,39.,55.5));
#117 = LINE('',#118,#119);
#118 = CARTESIAN_POINT('',(15.,39.,59.5));
#119 = VECTOR('',#120,1.);
#120 = DIRECTION('',(0.,-2.2E-16,-1.));
#121 = ORIENTED_EDGE('',*,*,#122,.T.);
#122 = EDGE_CURVE('',#115,#123,#125,.T.);
#123 = VERTEX_POINT('',#124);
#124 = CARTESIAN_POINT('',(0.,39.,55.5));
#125 = LINE('',#126,#127);
#126 = CARTESIAN_POINT('',(15.,39.,55.5));
#127 = VECTOR('',#128,1.);
#128 = DIRECTION('',(-1.,0.,0.));
#129 = ORIENTED_EDGE('',*,*,#130,.T.);
#130 = EDGE_CURVE('',#123,#131,#133,.T.);
#131 = VERTEX_POINT('',#132);
#132 = CARTESIAN_POINT('',(0.,39.,67.5));
#133 = LINE('',#134,#135);
#134 = CARTESIAN_POINT('',(-2.166671187436E-34,39.,42.951641001802));
#135 = VECTOR('',#136,1.);
#136 = DIRECTION('',(-6.77334443602E-36,2.2E-16,1.));
#137 = ORIENTED_EDGE('',*,*,#138,.T.);
#138 = EDGE_CURVE('',#131,#22,#139,.T.);
#139 = LINE('',#140,#141);
#140 = CARTESIAN_POINT('',(-142.5,39.,67.5));
#141 = VECTOR('',#142,1.);
#142 = DIRECTION('',(1.,0.,0.));
#143 = FACE_BOUND('',#144,.F.);
#144 = EDGE_LOOP('',(#145));
#145 = ORIENTED_EDGE('',*,*,#146,.T.);
#146 = EDGE_CURVE('',#147,#147,#149,.T.);
#147 = VERTEX_POINT('',#148);
#148 = CARTESIAN_POINT('',(8.,39.,-60.75));
#149 = CIRCLE('',#150,1.);
#150 = AXIS2_PLACEMENT_3D('',#151,#152,#153);
#151 = CARTESIAN_POINT('',(7.,39.,-60.75));
#152 = DIRECTION('',(0.,-1.,2.2E-16));
#153 = DIRECTION('',(1.,0.,0.));
#154 = FACE_BOUND('',#155,.F.);
#155 = EDGE_LOOP('',(#156));
#156 = ORIENTED_EDGE('',*,*,#157,.T.);
#157 = EDGE_CURVE('',#158,#158,#160,.T.);
#158 = VERTEX_POINT('',#159);
#159 = CARTESIAN_POINT('',(139.5,39.,-60.75));
#160 = CIRCLE('',#161,1.);
#161 = AXIS2_PLACEMENT_3D('',#162,#163,#164);
#162 = CARTESIAN_POINT('',(138.5,39.,-60.75));
#163 = DIRECTION('',(0.,-1.,2.2E-16));
#164 = DIRECTION('',(1.,0.,0.));
#165 = FACE_BOUND('',#166,.F.);
#166 = EDGE_LOOP('',(#167));
#167 = ORIENTED_EDGE('',*,*,#168,.T.);
#168 = EDGE_CURVE('',#169,#169,#171,.T.);
#169 = VERTEX_POINT('',#170);
#170 = CARTESIAN_POINT('',(8.,39.,63.5));
#171 = CIRCLE('',#172,1.);
#172 = AXIS2_PLACEMENT_3D('',#173,#174,#175);
#173 = CARTESIAN_POINT('',(7.,39.,63.5));
#174 = DIRECTION('',(0.,-1.,2.2E-16));
#175 = DIRECTION('',(1.,0.,0.));
#176 = FACE_BOUND('',#177,.F.);
#177 = EDGE_LOOP('',(#178));
#178 = ORIENTED_EDGE('',*,*,#179,.T.);
#179 = EDGE_CURVE('',#180,#180,#182,.T.);
#180 = VERTEX_POINT('',#181);
#181 = CARTESIAN_POINT('',(139.5,39.,63.5));
#182 = CIRCLE('',#183,1.);
#183 = AXIS2_PLACEMENT_3D('',#184,#185,#186);
#184 = CARTESIAN_POINT('',(138.5,39.,63.5));
#185 = DIRECTION('',(0.,-1.,2.2E-16));
#186 = DIRECTION('',(1.,0.,0.));
#187 = PLANE('',#188);
#188 = AXIS2_PLACEMENT_3D('',#189,#190,#191);
#189 = CARTESIAN_POINT('',(-8.749631572E-08,39.,1.375000003605));
#190 = DIRECTION('',(0.,1.,-2.2E-16));
#191 = DIRECTION('',(0.,2.2E-16,1.));
#192 = ADVANCED_FACE('',(#193),#262,.T.);
#193 = FACE_BOUND('',#194,.T.);
#194 = EDGE_LOOP('',(#195,#196,#204,#212,#226,#234,#248,#256));
#195 = ORIENTED_EDGE('',*,*,#21,.T.);
#196 = ORIENTED_EDGE('',*,*,#197,.T.);
#197 = EDGE_CURVE('',#24,#198,#200,.T.);
#198 = VERTEX_POINT('',#199);
#199 = CARTESIAN_POINT('',(142.5,51.,-62.75));
#200 = LINE('',#201,#202);
#201 = CARTESIAN_POINT('',(142.5,39.,-62.75));
#202 = VECTOR('',#203,1.);
#203 = DIRECTION('',(0.,1.,-2.2E-16));
#204 = ORIENTED_EDGE('',*,*,#205,.F.);
#205 = EDGE_CURVE('',#206,#198,#208,.T.);
#206 = VERTEX_POINT('',#207);
#207 = CARTESIAN_POINT('',(142.5,51.,-62.25));
#208 = LINE('',#209,#210);
#209 = CARTESIAN_POINT('',(142.5,51.,67.5));
#210 = VECTOR('',#211,1.);
#211 = DIRECTION('',(0.,0.,-1.));
#212 = ORIENTED_EDGE('',*,*,#213,.F.);
#213 = EDGE_CURVE('',#214,#206,#216,.T.);
#214 = VERTEX_POINT('',#215);
#215 = CARTESIAN_POINT('',(142.5,51.,-59.25));
#216 = ( BOUNDED_CURVE() B_SPLINE_CURVE(8,(#217,#218,#219,#220,#221,#222
,#223,#224,#225),.UNSPECIFIED.,.F.,.F.) B_SPLINE_CURVE_WITH_KNOTS((9,9),
(126.75,129.75),.PIECEWISE_BEZIER_KNOTS.) CURVE() 
GEOMETRIC_REPRESENTATION_ITEM() RATIONAL_B_SPLINE_CURVE((1.,1.,1.,1.,1.,
1.,1.,1.,1.)) REPRESENTATION_ITEM('') );
#217 = CARTESIAN_POINT('',(142.5,51.,-59.25));
#218 = CARTESIAN_POINT('',(142.5,51.,-59.625));
#219 = CARTESIAN_POINT('',(142.5,51.044872017982,-60.));
#220 = CARTESIAN_POINT('',(142.5,51.067606005495,-60.375));
#221 = CARTESIAN_POINT('',(142.5,51.088206170482,-60.75));
#222 = CARTESIAN_POINT('',(142.5,51.067606005495,-61.125));
#223 = CARTESIAN_POINT('',(142.5,51.044872017982,-61.5));
#224 = CARTESIAN_POINT('',(142.5,51.,-61.875));
#225 = CARTESIAN_POINT('',(142.5,51.,-62.25));
#226 = ORIENTED_EDGE('',*,*,#227,.F.);
#227 = EDGE_CURVE('',#228,#214,#230,.T.);
#228 = VERTEX_POINT('',#229);
#229 = CARTESIAN_POINT('',(142.5,51.,62.));
#230 = LINE('',#231,#232);
#231 = CARTESIAN_POINT('',(142.5,51.,67.5));
#232 = VECTOR('',#233,1.);
#233 = DIRECTION('',(0.,0.,-1.));
#234 = ORIENTED_EDGE('',*,*,#235,.F.);
#235 = EDGE_CURVE('',#236,#228,#238,.T.);
#236 = VERTEX_POINT('',#237);
#237 = CARTESIAN_POINT('',(142.5,51.,65.));
#238 = ( BOUNDED_CURVE() B_SPLINE_CURVE(8,(#239,#240,#241,#242,#243,#244
,#245,#246,#247),.UNSPECIFIED.,.F.,.F.) B_SPLINE_CURVE_WITH_KNOTS((9,9),
(2.5,5.5),.PIECEWISE_BEZIER_KNOTS.) CURVE() 
GEOMETRIC_REPRESENTATION_ITEM() RATIONAL_B_SPLINE_CURVE((1.,1.,1.,1.,1.,
1.,1.,1.,1.)) REPRESENTATION_ITEM('') );
#239 = CARTESIAN_POINT('',(142.5,51.,65.));
#240 = CARTESIAN_POINT('',(142.5,51.,64.625));
#241 = CARTESIAN_POINT('',(142.5,51.044872017982,64.25));
#242 = CARTESIAN_POINT('',(142.5,51.067606005495,63.875));
#243 = CARTESIAN_POINT('',(142.5,51.088206170482,63.5));
#244 = CARTESIAN_POINT('',(142.5,51.067606005495,63.125));
#245 = CARTESIAN_POINT('',(142.5,51.044872017982,62.75));
#246 = CARTESIAN_POINT('',(142.5,51.,62.375));
#247 = CARTESIAN_POINT('',(142.5,51.,62.));
#248 = ORIENTED_EDGE('',*,*,#249,.F.);
#249 = EDGE_CURVE('',#250,#236,#252,.T.);
#250 = VERTEX_POINT('',#251);
#251 = CARTESIAN_POINT('',(142.5,51.,67.5));
#252 = LINE('',#253,#254);
#253 = CARTESIAN_POINT('',(142.5,51.,67.5));
#254 = VECTOR('',#255,1.);
#255 = DIRECTION('',(0.,0.,-1.));
#256 = ORIENTED_EDGE('',*,*,#257,.F.);
#257 = EDGE_CURVE('',#22,#250,#258,.T.);
#258 = LINE('',#259,#260);
#259 = CARTESIAN_POINT('',(142.5,49.,67.5));
#260 = VECTOR('',#261,1.);
#261 = DIRECTION('',(0.,1.,-2.2E-16));
#262 = PLANE('',#263);
#263 = AXIS2_PLACEMENT_3D('',#264,#265,#266);
#264 = CARTESIAN_POINT('',(142.5,46.,1.375));
#265 = DIRECTION('',(1.,0.,0.));
#266 = DIRECTION('',(0.,0.,1.));
#267 = ADVANCED_FACE('',(#268,#359),#370,.T.);
#268 = FACE_BOUND('',#269,.T.);
#269 = EDGE_LOOP('',(#270,#278,#279,#280,#289,#297,#305,#313,#321,#329,
    #337,#345,#353));
#270 = ORIENTED_EDGE('',*,*,#271,.T.);
#271 = EDGE_CURVE('',#272,#131,#274,.T.);
#272 = VERTEX_POINT('',#273);
#273 = CARTESIAN_POINT('',(0.,53.,67.5));
#274 = LINE('',#275,#276);
#275 = CARTESIAN_POINT('',(-3.179958183475E-34,23.,67.5));
#276 = VECTOR('',#277,1.);
#277 = DIRECTION('',(8.277329025337E-51,-1.,-1.E-15));
#278 = ORIENTED_EDGE('',*,*,#138,.T.);
#279 = ORIENTED_EDGE('',*,*,#257,.T.);
#280 = ORIENTED_EDGE('',*,*,#281,.T.);
#281 = EDGE_CURVE('',#250,#282,#284,.T.);
#282 = VERTEX_POINT('',#283);
#283 = CARTESIAN_POINT('',(140.5,53.,67.5));
#284 = CIRCLE('',#285,2.);
#285 = AXIS2_PLACEMENT_3D('',#286,#287,#288);
#286 = CARTESIAN_POINT('',(140.5,51.,67.5));
#287 = DIRECTION('',(0.,-0.,1.));
#288 = DIRECTION('',(0.,1.,0.));
#289 = ORIENTED_EDGE('',*,*,#290,.F.);
#290 = EDGE_CURVE('',#291,#282,#293,.T.);
#291 = VERTEX_POINT('',#292);
#292 = CARTESIAN_POINT('',(122.,53.,67.5));
#293 = LINE('',#294,#295);
#294 = CARTESIAN_POINT('',(-142.5,53.,67.5));
#295 = VECTOR('',#296,1.);
#296 = DIRECTION('',(1.,0.,0.));
#297 = ORIENTED_EDGE('',*,*,#298,.T.);
#298 = EDGE_CURVE('',#291,#299,#301,.T.);
#299 = VERTEX_POINT('',#300);
#300 = CARTESIAN_POINT('',(122.,47.,67.5));
#301 = LINE('',#302,#303);
#302 = CARTESIAN_POINT('',(122.,46.5,67.5));
#303 = VECTOR('',#304,1.);
#304 = DIRECTION('',(-2.2E-16,-1.,-1.E-15));
#305 = ORIENTED_EDGE('',*,*,#306,.T.);
#306 = EDGE_CURVE('',#299,#307,#309,.T.);
#307 = VERTEX_POINT('',#308);
#308 = CARTESIAN_POINT('',(112.,47.,67.5));
#309 = LINE('',#310,#311);
#310 = CARTESIAN_POINT('',(56.,47.,67.5));
#311 = VECTOR('',#312,1.);
#312 = DIRECTION('',(-1.,2.2E-16,0.));
#313 = ORIENTED_EDGE('',*,*,#314,.T.);
#314 = EDGE_CURVE('',#307,#315,#317,.T.);
#315 = VERTEX_POINT('',#316);
#316 = CARTESIAN_POINT('',(112.,53.,67.5));
#317 = LINE('',#318,#319);
#318 = CARTESIAN_POINT('',(112.,49.5,67.5));
#319 = VECTOR('',#320,1.);
#320 = DIRECTION('',(2.2E-16,1.,1.E-15));
#321 = ORIENTED_EDGE('',*,*,#322,.F.);
#322 = EDGE_CURVE('',#323,#315,#325,.T.);
#323 = VERTEX_POINT('',#324);
#324 = CARTESIAN_POINT('',(75.,53.,67.5));
#325 = LINE('',#326,#327);
#326 = CARTESIAN_POINT('',(-142.5,53.,67.5));
#327 = VECTOR('',#328,1.);
#328 = DIRECTION('',(1.,0.,0.));
#329 = ORIENTED_EDGE('',*,*,#330,.T.);
#330 = EDGE_CURVE('',#323,#331,#333,.T.);
#331 = VERTEX_POINT('',#332);
#332 = CARTESIAN_POINT('',(75.,47.,67.5));
#333 = LINE('',#334,#335);
#334 = CARTESIAN_POINT('',(75.,46.5,67.5));
#335 = VECTOR('',#336,1.);
#336 = DIRECTION('',(-2.2E-16,-1.,-1.E-15));
#337 = ORIENTED_EDGE('',*,*,#338,.T.);
#338 = EDGE_CURVE('',#331,#339,#341,.T.);
#339 = VERTEX_POINT('',#340);
#340 = CARTESIAN_POINT('',(65.,47.,67.5));
#341 = LINE('',#342,#343);
#342 = CARTESIAN_POINT('',(32.5,47.,67.5));
#343 = VECTOR('',#344,1.);
#344 = DIRECTION('',(-1.,2.2E-16,0.));
#345 = ORIENTED_EDGE('',*,*,#346,.T.);
#346 = EDGE_CURVE('',#339,#347,#349,.T.);
#347 = VERTEX_POINT('',#348);
#348 = CARTESIAN_POINT('',(65.,53.,67.5));
#349 = LINE('',#350,#351);
#350 = CARTESIAN_POINT('',(65.,49.5,67.5));
#351 = VECTOR('',#352,1.);
#352 = DIRECTION('',(2.2E-16,1.,1.E-15));
#353 = ORIENTED_EDGE('',*,*,#354,.F.);
#354 = EDGE_CURVE('',#272,#347,#355,.T.);
#355 = LINE('',#356,#357);
#356 = CARTESIAN_POINT('',(-142.5,53.,67.5));
#357 = VECTOR('',#358,1.);
#358 = DIRECTION('',(1.,0.,0.));
#359 = FACE_BOUND('',#360,.T.);
#360 = EDGE_LOOP('',(#361));
#361 = ORIENTED_EDGE('',*,*,#362,.F.);
#362 = EDGE_CURVE('',#363,#363,#365,.T.);
#363 = VERTEX_POINT('',#364);
#364 = CARTESIAN_POINT('',(51.5,46.,67.5));
#365 = CIRCLE('',#366,1.5);
#366 = AXIS2_PLACEMENT_3D('',#367,#368,#369);
#367 = CARTESIAN_POINT('',(50.,46.,67.5));
#368 = DIRECTION('',(0.,-1.E-15,1.));
#369 = DIRECTION('',(1.,0.,0.));
#370 = PLANE('',#371);
#371 = AXIS2_PLACEMENT_3D('',#372,#373,#374);
#372 = CARTESIAN_POINT('',(0.,46.,67.5));
#373 = DIRECTION('',(0.,-1.E-15,1.));
#374 = DIRECTION('',(0.,1.,1.E-15));
#375 = ADVANCED_FACE('',(#376,#490,#501,#512,#523,#534,#545),#556,.T.);
#376 = FACE_BOUND('',#377,.T.);
#377 = EDGE_LOOP('',(#378,#386,#387,#395,#403,#411,#419,#427,#435,#443,
    #451,#459,#467,#473,#474,#475,#483));
#378 = ORIENTED_EDGE('',*,*,#379,.F.);
#379 = EDGE_CURVE('',#41,#380,#382,.T.);
#380 = VERTEX_POINT('',#381);
#381 = CARTESIAN_POINT('',(2.888894916581E-34,51.,-64.75));
#382 = LINE('',#383,#384);
#383 = CARTESIAN_POINT('',(5.777789833162E-34,-1.42108547152E-14,-64.75)
  );
#384 = VECTOR('',#385,1.);
#385 = DIRECTION('',(0.,1.,-2.22044604925E-16));
#386 = ORIENTED_EDGE('',*,*,#48,.T.);
#387 = ORIENTED_EDGE('',*,*,#388,.F.);
#388 = EDGE_CURVE('',#389,#49,#391,.T.);
#389 = VERTEX_POINT('',#390);
#390 = CARTESIAN_POINT('',(0.,49.,-52.75));
#391 = LINE('',#392,#393);
#392 = CARTESIAN_POINT('',(2.48249425042E-34,19.5,-52.75));
#393 = VECTOR('',#394,1.);
#394 = DIRECTION('',(1.384881339282E-53,-1.,2.2E-16));
#395 = ORIENTED_EDGE('',*,*,#396,.T.);
#396 = EDGE_CURVE('',#389,#397,#399,.T.);
#397 = VERTEX_POINT('',#398);
#398 = CARTESIAN_POINT('',(0.,49.,-40.));
#399 = LINE('',#400,#401);
#400 = CARTESIAN_POINT('',(-1.517213275014E-34,49.,42.951641));
#401 = VECTOR('',#402,1.);
#402 = DIRECTION('',(-6.77334443602E-36,0.,1.));
#403 = ORIENTED_EDGE('',*,*,#404,.T.);
#404 = EDGE_CURVE('',#397,#405,#407,.T.);
#405 = VERTEX_POINT('',#406);
#406 = CARTESIAN_POINT('',(0.,49.2,-40.));
#407 = LINE('',#408,#409);
#408 = CARTESIAN_POINT('',(2.050693542623E-34,24.5,-40.));
#409 = VECTOR('',#410,1.);
#410 = DIRECTION('',(-1.384881339282E-53,1.,-2.2E-16));
#411 = ORIENTED_EDGE('',*,*,#412,.T.);
#412 = EDGE_CURVE('',#405,#413,#415,.T.);
#413 = VERTEX_POINT('',#414);
#414 = CARTESIAN_POINT('',(0.,49.2,-39.));
#415 = LINE('',#416,#417);
#416 = CARTESIAN_POINT('',(-2.166671187436E-34,49.2,36.014141000002));
#417 = VECTOR('',#418,1.);
#418 = DIRECTION('',(-6.77334443602E-36,0.,1.));
#419 = ORIENTED_EDGE('',*,*,#420,.F.);
#420 = EDGE_CURVE('',#421,#413,#423,.T.);
#421 = VERTEX_POINT('',#422);
#422 = CARTESIAN_POINT('',(0.,49.,-39.));
#423 = LINE('',#424,#425);
#424 = CARTESIAN_POINT('',(2.016826820443E-34,24.5,-39.));
#425 = VECTOR('',#426,1.);
#426 = DIRECTION('',(-1.384881339282E-53,1.,-2.2E-16));
#427 = ORIENTED_EDGE('',*,*,#428,.T.);
#428 = EDGE_CURVE('',#421,#429,#431,.T.);
#429 = VERTEX_POINT('',#430);
#430 = CARTESIAN_POINT('',(0.,49.,14.000000000016));
#431 = LINE('',#432,#433);
#432 = CARTESIAN_POINT('',(-1.517213275014E-34,49.,42.951641));
#433 = VECTOR('',#434,1.);
#434 = DIRECTION('',(-6.77334443602E-36,0.,1.));
#435 = ORIENTED_EDGE('',*,*,#436,.F.);
#436 = EDGE_CURVE('',#437,#429,#439,.T.);
#437 = VERTEX_POINT('',#438);
#438 = CARTESIAN_POINT('',(0.,49.2,14.000000000016));
#439 = LINE('',#440,#441);
#440 = CARTESIAN_POINT('',(2.218905448975E-35,24.5,14.000000000016));
#441 = VECTOR('',#442,1.);
#442 = DIRECTION('',(1.384881339282E-53,-1.,2.2E-16));
#443 = ORIENTED_EDGE('',*,*,#444,.T.);
#444 = EDGE_CURVE('',#437,#445,#447,.T.);
#445 = VERTEX_POINT('',#446);
#446 = CARTESIAN_POINT('',(0.,49.2,15.));
#447 = LINE('',#448,#449);
#448 = CARTESIAN_POINT('',(-2.166671187436E-34,49.2,36.014141000002));
#449 = VECTOR('',#450,1.);
#450 = DIRECTION('',(-6.77334443602E-36,0.,1.));
#451 = ORIENTED_EDGE('',*,*,#452,.T.);
#452 = EDGE_CURVE('',#445,#453,#455,.T.);
#453 = VERTEX_POINT('',#454);
#454 = CARTESIAN_POINT('',(0.,49.,15.));
#455 = LINE('',#456,#457);
#456 = CARTESIAN_POINT('',(1.880238227179E-35,24.5,15.));
#457 = VECTOR('',#458,1.);
#458 = DIRECTION('',(1.384881339282E-53,-1.,2.2E-16));
#459 = ORIENTED_EDGE('',*,*,#460,.T.);
#460 = EDGE_CURVE('',#453,#461,#463,.T.);
#461 = VERTEX_POINT('',#462);
#462 = CARTESIAN_POINT('',(0.,49.,55.5));
#463 = LINE('',#464,#465);
#464 = CARTESIAN_POINT('',(-1.517213275014E-34,49.,42.951641));
#465 = VECTOR('',#466,1.);
#466 = DIRECTION('',(-6.77334443602E-36,0.,1.));
#467 = ORIENTED_EDGE('',*,*,#468,.T.);
#468 = EDGE_CURVE('',#461,#123,#469,.T.);
#469 = LINE('',#470,#471);
#470 = CARTESIAN_POINT('',(-1.183578425576E-34,19.5,55.5));
#471 = VECTOR('',#472,1.);
#472 = DIRECTION('',(1.384881339282E-53,-1.,2.2E-16));
#473 = ORIENTED_EDGE('',*,*,#130,.T.);
#474 = ORIENTED_EDGE('',*,*,#271,.F.);
#475 = ORIENTED_EDGE('',*,*,#476,.F.);
#476 = EDGE_CURVE('',#477,#272,#479,.T.);
#477 = VERTEX_POINT('',#478);
#478 = CARTESIAN_POINT('',(0.,53.,-62.75));
#479 = LINE('',#480,#481);
#480 = CARTESIAN_POINT('',(-2.166671187436E-34,53.,44.967505022663));
#481 = VECTOR('',#482,1.);
#482 = DIRECTION('',(-6.77334443602E-36,-3.4E-16,1.));
#483 = ORIENTED_EDGE('',*,*,#484,.T.);
#484 = EDGE_CURVE('',#477,#380,#485,.T.);
#485 = CIRCLE('',#486,2.);
#486 = AXIS2_PLACEMENT_3D('',#487,#488,#489);
#487 = CARTESIAN_POINT('',(0.,51.,-62.75));
#488 = DIRECTION('',(-1.,0.,0.));
#489 = DIRECTION('',(0.,0.,-1.));
#490 = FACE_BOUND('',#491,.T.);
#491 = EDGE_LOOP('',(#492));
#492 = ORIENTED_EDGE('',*,*,#493,.T.);
#493 = EDGE_CURVE('',#494,#494,#496,.T.);
#494 = VERTEX_POINT('',#495);
#495 = CARTESIAN_POINT('',(0.,51.000000000005,58.5));
#496 = CIRCLE('',#497,1.);
#497 = AXIS2_PLACEMENT_3D('',#498,#499,#500);
#498 = CARTESIAN_POINT('',(0.,50.000000000005,58.5));
#499 = DIRECTION('',(1.,0.,0.));
#500 = DIRECTION('',(0.,1.,0.));
#501 = FACE_BOUND('',#502,.T.);
#502 = EDGE_LOOP('',(#503));
#503 = ORIENTED_EDGE('',*,*,#504,.T.);
#504 = EDGE_CURVE('',#505,#505,#507,.T.);
#505 = VERTEX_POINT('',#506);
#506 = CARTESIAN_POINT('',(0.,52.,20.416666666686));
#507 = CIRCLE('',#508,1.);
#508 = AXIS2_PLACEMENT_3D('',#509,#510,#511);
#509 = CARTESIAN_POINT('',(0.,51.,20.416666666686));
#510 = DIRECTION('',(1.,0.,0.));
#511 = DIRECTION('',(0.,1.,0.));
#512 = FACE_BOUND('',#513,.T.);
#513 = EDGE_LOOP('',(#514));
#514 = ORIENTED_EDGE('',*,*,#515,.T.);
#515 = EDGE_CURVE('',#516,#516,#518,.T.);
#516 = VERTEX_POINT('',#517);
#517 = CARTESIAN_POINT('',(0.,52.,-17.66666666665));
#518 = CIRCLE('',#519,1.);
#519 = AXIS2_PLACEMENT_3D('',#520,#521,#522);
#520 = CARTESIAN_POINT('',(0.,51.,-17.66666666665));
#521 = DIRECTION('',(1.,0.,0.));
#522 = DIRECTION('',(0.,1.,0.));
#523 = FACE_BOUND('',#524,.T.);
#524 = EDGE_LOOP('',(#525));
#525 = ORIENTED_EDGE('',*,*,#526,.T.);
#526 = EDGE_CURVE('',#527,#527,#529,.T.);
#527 = VERTEX_POINT('',#528);
#528 = CARTESIAN_POINT('',(0.,52.,-55.75000000002));
#529 = CIRCLE('',#530,1.);
#530 = AXIS2_PLACEMENT_3D('',#531,#532,#533);
#531 = CARTESIAN_POINT('',(0.,51.,-55.75000000002));
#532 = DIRECTION('',(1.,0.,0.));
#533 = DIRECTION('',(0.,1.,0.));
#534 = FACE_BOUND('',#535,.T.);
#535 = EDGE_LOOP('',(#536));
#536 = ORIENTED_EDGE('',*,*,#537,.T.);
#537 = EDGE_CURVE('',#538,#538,#540,.T.);
#538 = VERTEX_POINT('',#539);
#539 = CARTESIAN_POINT('',(0.,43.,58.5));
#540 = CIRCLE('',#541,1.);
#541 = AXIS2_PLACEMENT_3D('',#542,#543,#544);
#542 = CARTESIAN_POINT('',(0.,42.,58.5));
#543 = DIRECTION('',(1.,0.,0.));
#544 = DIRECTION('',(0.,1.,0.));
#545 = FACE_BOUND('',#546,.T.);
#546 = EDGE_LOOP('',(#547));
#547 = ORIENTED_EDGE('',*,*,#548,.T.);
#548 = EDGE_CURVE('',#549,#549,#551,.T.);
#549 = VERTEX_POINT('',#550);
#550 = CARTESIAN_POINT('',(0.,43.000000000025,-55.75000000002));
#551 = CIRCLE('',#552,1.);
#552 = AXIS2_PLACEMENT_3D('',#553,#554,#555);
#553 = CARTESIAN_POINT('',(0.,42.000000000025,-55.75000000002));
#554 = DIRECTION('',(1.,0.,0.));
#555 = DIRECTION('',(0.,1.,0.));
#556 = PLANE('',#557);
#557 = AXIS2_PLACEMENT_3D('',#558,#559,#560);
#558 = CARTESIAN_POINT('',(-4.333342374871E-34,2.13162820728E-14,
    84.528282));
#559 = DIRECTION('',(-1.,-1.503984589317E-51,-6.77334443602E-36));
#560 = DIRECTION('',(6.77334443602E-36,-2.22044604925E-16,-1.));
#561 = ADVANCED_FACE('',(#562),#580,.F.);
#562 = FACE_BOUND('',#563,.F.);
#563 = EDGE_LOOP('',(#564,#565,#573,#579));
#564 = ORIENTED_EDGE('',*,*,#122,.F.);
#565 = ORIENTED_EDGE('',*,*,#566,.T.);
#566 = EDGE_CURVE('',#115,#567,#569,.T.);
#567 = VERTEX_POINT('',#568);
#568 = CARTESIAN_POINT('',(15.,49.,55.5));
#569 = LINE('',#570,#571);
#570 = CARTESIAN_POINT('',(15.,39.,55.5));
#571 = VECTOR('',#572,1.);
#572 = DIRECTION('',(0.,1.,-2.2E-16));
#573 = ORIENTED_EDGE('',*,*,#574,.T.);
#574 = EDGE_CURVE('',#567,#461,#575,.T.);
#575 = LINE('',#576,#577);
#576 = CARTESIAN_POINT('',(15.,49.,55.5));
#577 = VECTOR('',#578,1.);
#578 = DIRECTION('',(-1.,0.,0.));
#579 = ORIENTED_EDGE('',*,*,#468,.T.);
#580 = PLANE('',#581);
#581 = AXIS2_PLACEMENT_3D('',#582,#583,#584);
#582 = CARTESIAN_POINT('',(15.,39.,55.5));
#583 = DIRECTION('',(0.,2.2E-16,1.));
#584 = DIRECTION('',(-1.,0.,0.));
#585 = ADVANCED_FACE('',(#586),#604,.T.);
#586 = FACE_BOUND('',#587,.T.);
#587 = EDGE_LOOP('',(#588,#596,#597,#598));
#588 = ORIENTED_EDGE('',*,*,#589,.F.);
#589 = EDGE_CURVE('',#107,#590,#592,.T.);
#590 = VERTEX_POINT('',#591);
#591 = CARTESIAN_POINT('',(15.,49.,63.5));
#592 = LINE('',#593,#594);
#593 = CARTESIAN_POINT('',(15.,39.,63.5));
#594 = VECTOR('',#595,1.);
#595 = DIRECTION('',(0.,1.,-2.2E-16));
#596 = ORIENTED_EDGE('',*,*,#114,.T.);
#597 = ORIENTED_EDGE('',*,*,#566,.T.);
#598 = ORIENTED_EDGE('',*,*,#599,.F.);
#599 = EDGE_CURVE('',#590,#567,#600,.T.);
#600 = LINE('',#601,#602);
#601 = CARTESIAN_POINT('',(15.,49.,63.5));
#602 = VECTOR('',#603,1.);
#603 = DIRECTION('',(0.,-2.2E-16,-1.));
#604 = PLANE('',#605);
#605 = AXIS2_PLACEMENT_3D('',#606,#607,#608);
#606 = CARTESIAN_POINT('',(15.,44.,59.5));
#607 = DIRECTION('',(1.,0.,0.));
#608 = DIRECTION('',(0.,0.,1.));
#609 = ADVANCED_FACE('',(#610,#628),#639,.F.);
#610 = FACE_BOUND('',#611,.F.);
#611 = EDGE_LOOP('',(#612,#620,#626,#627));
#612 = ORIENTED_EDGE('',*,*,#613,.T.);
#613 = EDGE_CURVE('',#98,#614,#616,.T.);
#614 = VERTEX_POINT('',#615);
#615 = CARTESIAN_POINT('',(134.5,49.,63.499999999995));
#616 = LINE('',#617,#618);
#617 = CARTESIAN_POINT('',(134.5,39.,63.499999999995));
#618 = VECTOR('',#619,1.);
#619 = DIRECTION('',(0.,1.,-2.2E-16));
#620 = ORIENTED_EDGE('',*,*,#621,.T.);
#621 = EDGE_CURVE('',#614,#590,#622,.T.);
#622 = LINE('',#623,#624);
#623 = CARTESIAN_POINT('',(134.5,49.,63.499999999995));
#624 = VECTOR('',#625,1.);
#625 = DIRECTION('',(-1.,0.,4.465E-14));
#626 = ORIENTED_EDGE('',*,*,#589,.F.);
#627 = ORIENTED_EDGE('',*,*,#106,.F.);
#628 = FACE_BOUND('',#629,.F.);
#629 = EDGE_LOOP('',(#630));
#630 = ORIENTED_EDGE('',*,*,#631,.F.);
#631 = EDGE_CURVE('',#632,#632,#634,.T.);
#632 = VERTEX_POINT('',#633);
#633 = CARTESIAN_POINT('',(51.5,46.,63.499999999998));
#634 = CIRCLE('',#635,1.5);
#635 = AXIS2_PLACEMENT_3D('',#636,#637,#638);
#636 = CARTESIAN_POINT('',(50.,46.,63.499999999998));
#637 = DIRECTION('',(0.,-1.E-15,1.));
#638 = DIRECTION('',(1.,0.,0.));
#639 = PLANE('',#640);
#640 = AXIS2_PLACEMENT_3D('',#641,#642,#643);
#641 = CARTESIAN_POINT('',(134.5,39.,63.499999999995));
#642 = DIRECTION('',(4.465E-14,2.2E-16,1.));
#643 = DIRECTION('',(-1.,0.,4.465E-14));
#644 = ADVANCED_FACE('',(#645),#664,.T.);
#645 = FACE_BOUND('',#646,.F.);
#646 = EDGE_LOOP('',(#647,#655,#662,#663));
#647 = ORIENTED_EDGE('',*,*,#648,.T.);
#648 = EDGE_CURVE('',#90,#649,#651,.T.);
#649 = VERTEX_POINT('',#650);
#650 = CARTESIAN_POINT('',(138.49999999999,49.,59.500000000003));
#651 = LINE('',#652,#653);
#652 = CARTESIAN_POINT('',(138.49999999999,39.,59.500000000003));
#653 = VECTOR('',#654,1.);
#654 = DIRECTION('',(0.,1.,-2.2E-16));
#655 = ORIENTED_EDGE('',*,*,#656,.T.);
#656 = EDGE_CURVE('',#649,#614,#657,.T.);
#657 = CIRCLE('',#658,4.0000045);
#658 = AXIS2_PLACEMENT_3D('',#659,#660,#661);
#659 = CARTESIAN_POINT('',(138.5000045,49.,63.5000045));
#660 = DIRECTION('',(0.,1.,-0.));
#661 = DIRECTION('',(-1.,0.,0.));
#662 = ORIENTED_EDGE('',*,*,#613,.F.);
#663 = ORIENTED_EDGE('',*,*,#97,.F.);
#664 = CYLINDRICAL_SURFACE('',#665,4.0000045);
#665 = AXIS2_PLACEMENT_3D('',#666,#667,#668);
#666 = CARTESIAN_POINT('',(138.5000045,39.,63.5000045));
#667 = DIRECTION('',(0.,-1.,2.2E-16));
#668 = DIRECTION('',(-1.,0.,0.));
#669 = ADVANCED_FACE('',(#670),#688,.T.);
#670 = FACE_BOUND('',#671,.T.);
#671 = EDGE_LOOP('',(#672,#673,#681,#687));
#672 = ORIENTED_EDGE('',*,*,#648,.T.);
#673 = ORIENTED_EDGE('',*,*,#674,.T.);
#674 = EDGE_CURVE('',#649,#675,#677,.T.);
#675 = VERTEX_POINT('',#676);
#676 = CARTESIAN_POINT('',(138.49999999999,49.,-56.75));
#677 = LINE('',#678,#679);
#678 = CARTESIAN_POINT('',(138.49999999999,49.,59.500000000003));
#679 = VECTOR('',#680,1.);
#680 = DIRECTION('',(2.836E-14,0.,-1.));
#681 = ORIENTED_EDGE('',*,*,#682,.F.);
#682 = EDGE_CURVE('',#81,#675,#683,.T.);
#683 = LINE('',#684,#685);
#684 = CARTESIAN_POINT('',(138.49999999999,39.,-56.75));
#685 = VECTOR('',#686,1.);
#686 = DIRECTION('',(0.,1.,-2.2E-16));
#687 = ORIENTED_EDGE('',*,*,#89,.F.);
#688 = PLANE('',#689);
#689 = AXIS2_PLACEMENT_3D('',#690,#691,#692);
#690 = CARTESIAN_POINT('',(138.49999999999,39.,59.500000000003));
#691 = DIRECTION('',(-1.,-0.,-2.836E-14));
#692 = DIRECTION('',(2.836E-14,-2.2E-16,-1.));
#693 = ADVANCED_FACE('',(#694),#713,.T.);
#694 = FACE_BOUND('',#695,.F.);
#695 = EDGE_LOOP('',(#696,#704,#711,#712));
#696 = ORIENTED_EDGE('',*,*,#697,.T.);
#697 = EDGE_CURVE('',#73,#698,#700,.T.);
#698 = VERTEX_POINT('',#699);
#699 = CARTESIAN_POINT('',(134.5,49.,-60.74999999999));
#700 = LINE('',#701,#702);
#701 = CARTESIAN_POINT('',(134.5,39.,-60.74999999999));
#702 = VECTOR('',#703,1.);
#703 = DIRECTION('',(0.,1.,-2.2E-16));
#704 = ORIENTED_EDGE('',*,*,#705,.T.);
#705 = EDGE_CURVE('',#698,#675,#706,.T.);
#706 = CIRCLE('',#707,3.999997);
#707 = AXIS2_PLACEMENT_3D('',#708,#709,#710);
#708 = CARTESIAN_POINT('',(138.499997,49.,-60.749997));
#709 = DIRECTION('',(0.,1.,-0.));
#710 = DIRECTION('',(-1.,0.,0.));
#711 = ORIENTED_EDGE('',*,*,#682,.F.);
#712 = ORIENTED_EDGE('',*,*,#80,.F.);
#713 = CYLINDRICAL_SURFACE('',#714,3.999997);
#714 = AXIS2_PLACEMENT_3D('',#715,#716,#717);
#715 = CARTESIAN_POINT('',(138.499997,39.,-60.749997));
#716 = DIRECTION('',(0.,-1.,2.2E-16));
#717 = DIRECTION('',(-1.,0.,0.));
#718 = ADVANCED_FACE('',(#719),#737,.F.);
#719 = FACE_BOUND('',#720,.F.);
#720 = EDGE_LOOP('',(#721,#729,#735,#736));
#721 = ORIENTED_EDGE('',*,*,#722,.T.);
#722 = EDGE_CURVE('',#65,#723,#725,.T.);
#723 = VERTEX_POINT('',#724);
#724 = CARTESIAN_POINT('',(15.,49.,-60.75));
#725 = LINE('',#726,#727);
#726 = CARTESIAN_POINT('',(15.,39.,-60.75));
#727 = VECTOR('',#728,1.);
#728 = DIRECTION('',(0.,1.,-2.2E-16));
#729 = ORIENTED_EDGE('',*,*,#730,.T.);
#730 = EDGE_CURVE('',#723,#698,#731,.T.);
#731 = LINE('',#732,#733);
#732 = CARTESIAN_POINT('',(15.,49.,-60.75));
#733 = VECTOR('',#734,1.);
#734 = DIRECTION('',(1.,0.,1.653E-14));
#735 = ORIENTED_EDGE('',*,*,#697,.F.);
#736 = ORIENTED_EDGE('',*,*,#72,.F.);
#737 = PLANE('',#738);
#738 = AXIS2_PLACEMENT_3D('',#739,#740,#741);
#739 = CARTESIAN_POINT('',(15.,39.,-60.75));
#740 = DIRECTION('',(1.653E-14,-2.2E-16,-1.));
#741 = DIRECTION('',(1.,0.,1.653E-14));
#742 = ADVANCED_FACE('',(#743),#761,.T.);
#743 = FACE_BOUND('',#744,.T.);
#744 = EDGE_LOOP('',(#745,#753,#754,#755));
#745 = ORIENTED_EDGE('',*,*,#746,.F.);
#746 = EDGE_CURVE('',#57,#747,#749,.T.);
#747 = VERTEX_POINT('',#748);
#748 = CARTESIAN_POINT('',(15.,49.,-52.75));
#749 = LINE('',#750,#751);
#750 = CARTESIAN_POINT('',(15.,39.,-52.75));
#751 = VECTOR('',#752,1.);
#752 = DIRECTION('',(0.,1.,-2.2E-16));
#753 = ORIENTED_EDGE('',*,*,#64,.T.);
#754 = ORIENTED_EDGE('',*,*,#722,.T.);
#755 = ORIENTED_EDGE('',*,*,#756,.T.);
#756 = EDGE_CURVE('',#723,#747,#757,.T.);
#757 = LINE('',#758,#759);
#758 = CARTESIAN_POINT('',(15.,49.,-56.75));
#759 = VECTOR('',#760,1.);
#760 = DIRECTION('',(0.,2.2E-16,1.));
#761 = PLANE('',#762);
#762 = AXIS2_PLACEMENT_3D('',#763,#764,#765);
#763 = CARTESIAN_POINT('',(15.,44.,-56.75));
#764 = DIRECTION('',(1.,0.,0.));
#765 = DIRECTION('',(0.,0.,1.));
#766 = ADVANCED_FACE('',(#767),#778,.T.);
#767 = FACE_BOUND('',#768,.T.);
#768 = EDGE_LOOP('',(#769,#770,#771,#777));
#769 = ORIENTED_EDGE('',*,*,#56,.F.);
#770 = ORIENTED_EDGE('',*,*,#746,.T.);
#771 = ORIENTED_EDGE('',*,*,#772,.T.);
#772 = EDGE_CURVE('',#747,#389,#773,.T.);
#773 = LINE('',#774,#775);
#774 = CARTESIAN_POINT('',(15.,49.,-52.75));
#775 = VECTOR('',#776,1.);
#776 = DIRECTION('',(-1.,0.,0.));
#777 = ORIENTED_EDGE('',*,*,#388,.T.);
#778 = PLANE('',#779);
#779 = AXIS2_PLACEMENT_3D('',#780,#781,#782);
#780 = CARTESIAN_POINT('',(15.,39.,-52.75));
#781 = DIRECTION('',(0.,2.2E-16,1.));
#782 = DIRECTION('',(-1.,0.,0.));
#783 = ADVANCED_FACE('',(#784),#846,.T.);
#784 = FACE_BOUND('',#785,.T.);
#785 = EDGE_LOOP('',(#786,#794,#795,#796,#804,#818,#826,#840));
#786 = ORIENTED_EDGE('',*,*,#787,.F.);
#787 = EDGE_CURVE('',#32,#788,#790,.T.);
#788 = VERTEX_POINT('',#789);
#789 = CARTESIAN_POINT('',(140.5,51.,-64.75));
#790 = LINE('',#791,#792);
#791 = CARTESIAN_POINT('',(140.5,39.,-64.75));
#792 = VECTOR('',#793,1.);
#793 = DIRECTION('',(0.,1.,-2.2E-16));
#794 = ORIENTED_EDGE('',*,*,#40,.T.);
#795 = ORIENTED_EDGE('',*,*,#379,.T.);
#796 = ORIENTED_EDGE('',*,*,#797,.F.);
#797 = EDGE_CURVE('',#798,#380,#800,.T.);
#798 = VERTEX_POINT('',#799);
#799 = CARTESIAN_POINT('',(5.5,51.,-64.75));
#800 = LINE('',#801,#802);
#801 = CARTESIAN_POINT('',(142.5,51.,-64.75));
#802 = VECTOR('',#803,1.);
#803 = DIRECTION('',(-1.,0.,0.));
#804 = ORIENTED_EDGE('',*,*,#805,.F.);
#805 = EDGE_CURVE('',#806,#798,#808,.T.);
#806 = VERTEX_POINT('',#807);
#807 = CARTESIAN_POINT('',(8.5,51.,-64.75));
#808 = ( BOUNDED_CURVE() B_SPLINE_CURVE(8,(#809,#810,#811,#812,#813,#814
,#815,#816,#817),.UNSPECIFIED.,.F.,.F.) B_SPLINE_CURVE_WITH_KNOTS((9,9),
(134.,137.),.PIECEWISE_BEZIER_KNOTS.) CURVE() 
GEOMETRIC_REPRESENTATION_ITEM() RATIONAL_B_SPLINE_CURVE((1.,1.,1.,1.,1.,
1.,1.,1.,1.)) REPRESENTATION_ITEM('') );
#809 = CARTESIAN_POINT('',(8.5,51.,-64.75));
#810 = CARTESIAN_POINT('',(8.125,51.,-64.75));
#811 = CARTESIAN_POINT('',(7.75,51.044872017982,-64.75));
#812 = CARTESIAN_POINT('',(7.375,51.067606005495,-64.75));
#813 = CARTESIAN_POINT('',(7.,51.088206170482,-64.75));
#814 = CARTESIAN_POINT('',(6.625,51.067606005495,-64.75));
#815 = CARTESIAN_POINT('',(6.25,51.044872017982,-64.75));
#816 = CARTESIAN_POINT('',(5.875,51.,-64.75));
#817 = CARTESIAN_POINT('',(5.5,51.,-64.75));
#818 = ORIENTED_EDGE('',*,*,#819,.F.);
#819 = EDGE_CURVE('',#820,#806,#822,.T.);
#820 = VERTEX_POINT('',#821);
#821 = CARTESIAN_POINT('',(137.,51.,-64.75));
#822 = LINE('',#823,#824);
#823 = CARTESIAN_POINT('',(142.5,51.,-64.75));
#824 = VECTOR('',#825,1.);
#825 = DIRECTION('',(-1.,0.,0.));
#826 = ORIENTED_EDGE('',*,*,#827,.F.);
#827 = EDGE_CURVE('',#828,#820,#830,.T.);
#828 = VERTEX_POINT('',#829);
#829 = CARTESIAN_POINT('',(140.,51.,-64.75));
#830 = ( BOUNDED_CURVE() B_SPLINE_CURVE(8,(#831,#832,#833,#834,#835,#836
,#837,#838,#839),.UNSPECIFIED.,.F.,.F.) B_SPLINE_CURVE_WITH_KNOTS((9,9),
(2.5,5.5),.PIECEWISE_BEZIER_KNOTS.) CURVE() 
GEOMETRIC_REPRESENTATION_ITEM() RATIONAL_B_SPLINE_CURVE((1.,1.,1.,1.,1.,
1.,1.,1.,1.)) REPRESENTATION_ITEM('') );
#831 = CARTESIAN_POINT('',(140.,51.,-64.75));
#832 = CARTESIAN_POINT('',(139.625,51.,-64.75));
#833 = CARTESIAN_POINT('',(139.25,51.044872017982,-64.75));
#834 = CARTESIAN_POINT('',(138.875,51.067606005495,-64.75));
#835 = CARTESIAN_POINT('',(138.5,51.088206170482,-64.75));
#836 = CARTESIAN_POINT('',(138.125,51.067606005495,-64.75));
#837 = CARTESIAN_POINT('',(137.75,51.044872017982,-64.75));
#838 = CARTESIAN_POINT('',(137.375,51.,-64.75));
#839 = CARTESIAN_POINT('',(137.,51.,-64.75));
#840 = ORIENTED_EDGE('',*,*,#841,.F.);
#841 = EDGE_CURVE('',#788,#828,#842,.T.);
#842 = LINE('',#843,#844);
#843 = CARTESIAN_POINT('',(142.5,51.,-64.75));
#844 = VECTOR('',#845,1.);
#845 = DIRECTION('',(-1.,0.,0.));
#846 = PLANE('',#847);
#847 = AXIS2_PLACEMENT_3D('',#848,#849,#850);
#848 = CARTESIAN_POINT('',(0.,46.,-64.75));
#849 = DIRECTION('',(-0.,-0.,-1.));
#850 = DIRECTION('',(-1.,0.,0.));
#851 = ADVANCED_FACE('',(#852),#864,.T.);
#852 = FACE_BOUND('',#853,.T.);
#853 = EDGE_LOOP('',(#854,#855,#856,#863));
#854 = ORIENTED_EDGE('',*,*,#31,.T.);
#855 = ORIENTED_EDGE('',*,*,#787,.T.);
#856 = ORIENTED_EDGE('',*,*,#857,.T.);
#857 = EDGE_CURVE('',#788,#198,#858,.T.);
#858 = CIRCLE('',#859,2.);
#859 = AXIS2_PLACEMENT_3D('',#860,#861,#862);
#860 = CARTESIAN_POINT('',(140.5,51.,-62.75));
#861 = DIRECTION('',(6.123233995737E-17,-1.,0.));
#862 = DIRECTION('',(1.,6.123233995737E-17,0.));
#863 = ORIENTED_EDGE('',*,*,#197,.F.);
#864 = CYLINDRICAL_SURFACE('',#865,2.);
#865 = AXIS2_PLACEMENT_3D('',#866,#867,#868);
#866 = CARTESIAN_POINT('',(140.5,39.,-62.75));
#867 = DIRECTION('',(0.,1.,-2.2E-16));
#868 = DIRECTION('',(1.,0.,0.));
#869 = ADVANCED_FACE('',(#870),#889,.F.);
#870 = FACE_BOUND('',#871,.F.);
#871 = EDGE_LOOP('',(#872,#880,#881,#882));
#872 = ORIENTED_EDGE('',*,*,#873,.F.);
#873 = EDGE_CURVE('',#147,#874,#876,.T.);
#874 = VERTEX_POINT('',#875);
#875 = CARTESIAN_POINT('',(8.,43.,-60.75));
#876 = LINE('',#877,#878);
#877 = CARTESIAN_POINT('',(8.,-1.42108547152E-14,-60.75));
#878 = VECTOR('',#879,1.);
#879 = DIRECTION('',(0.,1.,-2.2E-16));
#880 = ORIENTED_EDGE('',*,*,#146,.F.);
#881 = ORIENTED_EDGE('',*,*,#873,.T.);
#882 = ORIENTED_EDGE('',*,*,#883,.T.);
#883 = EDGE_CURVE('',#874,#874,#884,.T.);
#884 = CIRCLE('',#885,1.);
#885 = AXIS2_PLACEMENT_3D('',#886,#887,#888);
#886 = CARTESIAN_POINT('',(7.,43.,-60.75));
#887 = DIRECTION('',(0.,-1.,2.2E-16));
#888 = DIRECTION('',(1.,0.,0.));
#889 = CYLINDRICAL_SURFACE('',#890,1.);
#890 = AXIS2_PLACEMENT_3D('',#891,#892,#893);
#891 = CARTESIAN_POINT('',(7.,-1.42108547152E-14,-60.75));
#892 = DIRECTION('',(0.,-1.,2.2E-16));
#893 = DIRECTION('',(1.,0.,0.));
#894 = ADVANCED_FACE('',(#895),#914,.F.);
#895 = FACE_BOUND('',#896,.F.);
#896 = EDGE_LOOP('',(#897,#905,#906,#907));
#897 = ORIENTED_EDGE('',*,*,#898,.F.);
#898 = EDGE_CURVE('',#158,#899,#901,.T.);
#899 = VERTEX_POINT('',#900);
#900 = CARTESIAN_POINT('',(139.5,43.,-60.75));
#901 = LINE('',#902,#903);
#902 = CARTESIAN_POINT('',(139.5,-1.42108547152E-14,-60.75));
#903 = VECTOR('',#904,1.);
#904 = DIRECTION('',(0.,1.,-2.2E-16));
#905 = ORIENTED_EDGE('',*,*,#157,.F.);
#906 = ORIENTED_EDGE('',*,*,#898,.T.);
#907 = ORIENTED_EDGE('',*,*,#908,.T.);
#908 = EDGE_CURVE('',#899,#899,#909,.T.);
#909 = CIRCLE('',#910,1.);
#910 = AXIS2_PLACEMENT_3D('',#911,#912,#913);
#911 = CARTESIAN_POINT('',(138.5,43.,-60.75));
#912 = DIRECTION('',(0.,-1.,2.2E-16));
#913 = DIRECTION('',(1.,0.,0.));
#914 = CYLINDRICAL_SURFACE('',#915,1.);
#915 = AXIS2_PLACEMENT_3D('',#916,#917,#918);
#916 = CARTESIAN_POINT('',(138.5,-1.42108547152E-14,-60.75));
#917 = DIRECTION('',(0.,-1.,2.2E-16));
#918 = DIRECTION('',(1.,0.,0.));
#919 = ADVANCED_FACE('',(#920),#939,.F.);
#920 = FACE_BOUND('',#921,.F.);
#921 = EDGE_LOOP('',(#922,#930,#931,#932));
#922 = ORIENTED_EDGE('',*,*,#923,.F.);
#923 = EDGE_CURVE('',#169,#924,#926,.T.);
#924 = VERTEX_POINT('',#925);
#925 = CARTESIAN_POINT('',(8.,43.,63.5));
#926 = LINE('',#927,#928);
#927 = CARTESIAN_POINT('',(8.,1.42108547152E-14,63.5));
#928 = VECTOR('',#929,1.);
#929 = DIRECTION('',(0.,1.,-2.2E-16));
#930 = ORIENTED_EDGE('',*,*,#168,.F.);
#931 = ORIENTED_EDGE('',*,*,#923,.T.);
#932 = ORIENTED_EDGE('',*,*,#933,.T.);
#933 = EDGE_CURVE('',#924,#924,#934,.T.);
#934 = CIRCLE('',#935,1.);
#935 = AXIS2_PLACEMENT_3D('',#936,#937,#938);
#936 = CARTESIAN_POINT('',(7.,43.,63.5));
#937 = DIRECTION('',(0.,-1.,2.2E-16));
#938 = DIRECTION('',(1.,0.,0.));
#939 = CYLINDRICAL_SURFACE('',#940,1.);
#940 = AXIS2_PLACEMENT_3D('',#941,#942,#943);
#941 = CARTESIAN_POINT('',(7.,1.42108547152E-14,63.5));
#942 = DIRECTION('',(0.,-1.,2.2E-16));
#943 = DIRECTION('',(1.,0.,0.));
#944 = ADVANCED_FACE('',(#945),#964,.F.);
#945 = FACE_BOUND('',#946,.F.);
#946 = EDGE_LOOP('',(#947,#955,#956,#957));
#947 = ORIENTED_EDGE('',*,*,#948,.F.);
#948 = EDGE_CURVE('',#180,#949,#951,.T.);
#949 = VERTEX_POINT('',#950);
#950 = CARTESIAN_POINT('',(139.5,43.,63.5));
#951 = LINE('',#952,#953);
#952 = CARTESIAN_POINT('',(139.5,1.42108547152E-14,63.5));
#953 = VECTOR('',#954,1.);
#954 = DIRECTION('',(0.,1.,-2.2E-16));
#955 = ORIENTED_EDGE('',*,*,#179,.F.);
#956 = ORIENTED_EDGE('',*,*,#948,.T.);
#957 = ORIENTED_EDGE('',*,*,#958,.T.);
#958 = EDGE_CURVE('',#949,#949,#959,.T.);
#959 = CIRCLE('',#960,1.);
#960 = AXIS2_PLACEMENT_3D('',#961,#962,#963);
#961 = CARTESIAN_POINT('',(138.5,43.,63.5));
#962 = DIRECTION('',(0.,-1.,2.2E-16));
#963 = DIRECTION('',(1.,0.,0.));
#964 = CYLINDRICAL_SURFACE('',#965,1.);
#965 = AXIS2_PLACEMENT_3D('',#966,#967,#968);
#966 = CARTESIAN_POINT('',(138.5,1.42108547152E-14,63.5));
#967 = DIRECTION('',(0.,-1.,2.2E-16));
#968 = DIRECTION('',(1.,0.,0.));
#969 = ADVANCED_FACE('',(#970),#996,.T.);
#970 = FACE_BOUND('',#971,.F.);
#971 = EDGE_LOOP('',(#972,#980,#988,#995));
#972 = ORIENTED_EDGE('',*,*,#973,.T.);
#973 = EDGE_CURVE('',#206,#974,#976,.T.);
#974 = VERTEX_POINT('',#975);
#975 = CARTESIAN_POINT('',(140.5,53.,-62.25));
#976 = ( BOUNDED_CURVE() B_SPLINE_CURVE(2,(#977,#978,#979),
.UNSPECIFIED.,.F.,.F.) B_SPLINE_CURVE_WITH_KNOTS((3,3),(0.,3.),
.PIECEWISE_BEZIER_KNOTS.) CURVE() GEOMETRIC_REPRESENTATION_ITEM() 
RATIONAL_B_SPLINE_CURVE((1.,0.707106781187,1.)) REPRESENTATION_ITEM('') 
  );
#977 = CARTESIAN_POINT('',(142.5,51.,-62.25));
#978 = CARTESIAN_POINT('',(142.5,53.,-62.25));
#979 = CARTESIAN_POINT('',(140.5,53.,-62.25));
#980 = ORIENTED_EDGE('',*,*,#981,.T.);
#981 = EDGE_CURVE('',#974,#982,#984,.T.);
#982 = VERTEX_POINT('',#983);
#983 = CARTESIAN_POINT('',(140.5,53.,-62.75));
#984 = LINE('',#985,#986);
#985 = CARTESIAN_POINT('',(140.5,53.,67.5));
#986 = VECTOR('',#987,1.);
#987 = DIRECTION('',(0.,0.,-1.));
#988 = ORIENTED_EDGE('',*,*,#989,.T.);
#989 = EDGE_CURVE('',#982,#198,#990,.T.);
#990 = CIRCLE('',#991,2.);
#991 = AXIS2_PLACEMENT_3D('',#992,#993,#994);
#992 = CARTESIAN_POINT('',(140.5,51.,-62.75));
#993 = DIRECTION('',(0.,0.,-1.));
#994 = DIRECTION('',(0.,1.,0.));
#995 = ORIENTED_EDGE('',*,*,#205,.F.);
#996 = CYLINDRICAL_SURFACE('',#997,2.);
#997 = AXIS2_PLACEMENT_3D('',#998,#999,#1000);
#998 = CARTESIAN_POINT('',(140.5,51.,67.5));
#999 = DIRECTION('',(0.,0.,-1.));
#1000 = DIRECTION('',(1.,0.,0.));
#1001 = ADVANCED_FACE('',(#1002),#1021,.T.);
#1002 = FACE_BOUND('',#1003,.F.);
#1003 = EDGE_LOOP('',(#1004,#1005,#1013,#1020));
#1004 = ORIENTED_EDGE('',*,*,#281,.T.);
#1005 = ORIENTED_EDGE('',*,*,#1006,.T.);
#1006 = EDGE_CURVE('',#282,#1007,#1009,.T.);
#1007 = VERTEX_POINT('',#1008);
#1008 = CARTESIAN_POINT('',(140.5,53.,65.));
#1009 = LINE('',#1010,#1011);
#1010 = CARTESIAN_POINT('',(140.5,53.,67.5));
#1011 = VECTOR('',#1012,1.);
#1012 = DIRECTION('',(0.,0.,-1.));
#1013 = ORIENTED_EDGE('',*,*,#1014,.F.);
#1014 = EDGE_CURVE('',#236,#1007,#1015,.T.);
#1015 = CIRCLE('',#1016,2.);
#1016 = AXIS2_PLACEMENT_3D('',#1017,#1018,#1019);
#1017 = CARTESIAN_POINT('',(140.5,51.,65.));
#1018 = DIRECTION('',(0.,0.,1.));
#1019 = DIRECTION('',(1.,0.,0.));
#1020 = ORIENTED_EDGE('',*,*,#249,.F.);
#1021 = CYLINDRICAL_SURFACE('',#1022,2.);
#1022 = AXIS2_PLACEMENT_3D('',#1023,#1024,#1025);
#1023 = CARTESIAN_POINT('',(140.5,51.,67.5));
#1024 = DIRECTION('',(0.,0.,-1.));
#1025 = DIRECTION('',(1.,0.,0.));
#1026 = ADVANCED_FACE('',(#1027),#1052,.F.);
#1027 = FACE_BOUND('',#1028,.F.);
#1028 = EDGE_LOOP('',(#1029,#1038,#1050,#1051));
#1029 = ORIENTED_EDGE('',*,*,#1030,.T.);
#1030 = EDGE_CURVE('',#214,#1031,#1033,.T.);
#1031 = VERTEX_POINT('',#1032);
#1032 = CARTESIAN_POINT('',(140.5,53.,-59.25));
#1033 = CIRCLE('',#1034,2.);
#1034 = AXIS2_PLACEMENT_3D('',#1035,#1036,#1037);
#1035 = CARTESIAN_POINT('',(140.5,51.,-59.25));
#1036 = DIRECTION('',(0.,0.,1.));
#1037 = DIRECTION('',(1.,0.,0.));
#1038 = ORIENTED_EDGE('',*,*,#1039,.T.);
#1039 = EDGE_CURVE('',#1031,#974,#1040,.T.);
#1040 = ( BOUNDED_CURVE() B_SPLINE_CURVE(8,(#1041,#1042,#1043,#1044,
    #1045,#1046,#1047,#1048,#1049),.UNSPECIFIED.,.F.,.F.) 
B_SPLINE_CURVE_WITH_KNOTS((9,9),(126.75,129.75),
.PIECEWISE_BEZIER_KNOTS.) CURVE() GEOMETRIC_REPRESENTATION_ITEM() 
RATIONAL_B_SPLINE_CURVE((1.,1.,1.,1.,1.,1.,1.,1.,1.)) 
REPRESENTATION_ITEM('') );
#1041 = CARTESIAN_POINT('',(140.5,53.,-59.25));
#1042 = CARTESIAN_POINT('',(140.78125,53.,-59.625));
#1043 = CARTESIAN_POINT('',(140.93721394436,53.,-60.));
#1044 = CARTESIAN_POINT('',(141.03555129892,53.,-60.375));
#1045 = CARTESIAN_POINT('',(141.05762031743,53.,-60.75));
#1046 = CARTESIAN_POINT('',(141.03555129892,53.,-61.125));
#1047 = CARTESIAN_POINT('',(140.93721394436,53.,-61.5));
#1048 = CARTESIAN_POINT('',(140.78125,53.,-61.875));
#1049 = CARTESIAN_POINT('',(140.5,53.,-62.25));
#1050 = ORIENTED_EDGE('',*,*,#973,.F.);
#1051 = ORIENTED_EDGE('',*,*,#213,.F.);
#1052 = ( BOUNDED_SURFACE() B_SPLINE_SURFACE(2,8,(
    (#1053,#1054,#1055,#1056,#1057,#1058,#1059,#1060,#1061)
    ,(#1062,#1063,#1064,#1065,#1066,#1067,#1068,#1069,#1070)
    ,(#1071,#1072,#1073,#1074,#1075,#1076,#1077,#1078,#1079
)),.UNSPECIFIED.,.F.,.F.,.F.) B_SPLINE_SURFACE_WITH_KNOTS((3,3),(9,9),(
    0.,3.),(126.75,129.75),.PIECEWISE_BEZIER_KNOTS.) 
GEOMETRIC_REPRESENTATION_ITEM() RATIONAL_B_SPLINE_SURFACE((
    (1.,1.,1.,1.,1.,1.,1.,1.,1.)
    ,(0.707106781187,0.756825226739,0.780447808054,0.796783085523
      ,0.79881823653,0.796783085523,0.780447808054,0.756825226739
      ,0.707106781187)
,(1.,1.,1.,1.,1.,1.,1.,1.,1.))) REPRESENTATION_ITEM('') SURFACE() );
#1053 = CARTESIAN_POINT('',(142.5,51.,-59.25));
#1054 = CARTESIAN_POINT('',(142.5,51.,-59.625));
#1055 = CARTESIAN_POINT('',(142.5,51.044872017982,-60.));
#1056 = CARTESIAN_POINT('',(142.5,51.067606005495,-60.375));
#1057 = CARTESIAN_POINT('',(142.5,51.088206170482,-60.75));
#1058 = CARTESIAN_POINT('',(142.5,51.067606005495,-61.125));
#1059 = CARTESIAN_POINT('',(142.5,51.044872017982,-61.5));
#1060 = CARTESIAN_POINT('',(142.5,51.,-61.875));
#1061 = CARTESIAN_POINT('',(142.5,51.,-62.25));
#1062 = CARTESIAN_POINT('',(142.5,53.,-59.25));
#1063 = CARTESIAN_POINT('',(142.5,52.737226277372,-59.6003649635));
#1064 = CARTESIAN_POINT('',(142.5,52.644635909813,-59.98349397001));
#1065 = CARTESIAN_POINT('',(142.5,52.589500898295,-60.36279902427));
#1066 = CARTESIAN_POINT('',(142.49999999999,52.588023662736,-60.75));
#1067 = CARTESIAN_POINT('',(142.5,52.589500898295,-61.13720097572));
#1068 = CARTESIAN_POINT('',(142.5,52.644635909813,-61.51650602998));
#1069 = CARTESIAN_POINT('',(142.5,52.737226277372,-61.89963503649));
#1070 = CARTESIAN_POINT('',(142.5,53.,-62.25));
#1071 = CARTESIAN_POINT('',(140.5,53.,-59.25));
#1072 = CARTESIAN_POINT('',(140.78125,53.,-59.625));
#1073 = CARTESIAN_POINT('',(140.93721394436,53.,-60.));
#1074 = CARTESIAN_POINT('',(141.03555129892,53.,-60.375));
#1075 = CARTESIAN_POINT('',(141.05762031743,53.,-60.75));
#1076 = CARTESIAN_POINT('',(141.03555129892,53.,-61.125));
#1077 = CARTESIAN_POINT('',(140.93721394436,53.,-61.5));
#1078 = CARTESIAN_POINT('',(140.78125,53.,-61.875));
#1079 = CARTESIAN_POINT('',(140.5,53.,-62.25));
#1080 = ADVANCED_FACE('',(#1081),#1105,.F.);
#1081 = FACE_BOUND('',#1082,.F.);
#1082 = EDGE_LOOP('',(#1083,#1084,#1098,#1104));
#1083 = ORIENTED_EDGE('',*,*,#1014,.T.);
#1084 = ORIENTED_EDGE('',*,*,#1085,.T.);
#1085 = EDGE_CURVE('',#1007,#1086,#1088,.T.);
#1086 = VERTEX_POINT('',#1087);
#1087 = CARTESIAN_POINT('',(140.5,53.,62.));
#1088 = ( BOUNDED_CURVE() B_SPLINE_CURVE(8,(#1089,#1090,#1091,#1092,
    #1093,#1094,#1095,#1096,#1097),.UNSPECIFIED.,.F.,.F.) 
B_SPLINE_CURVE_WITH_KNOTS((9,9),(2.5,5.5),.PIECEWISE_BEZIER_KNOTS.) 
CURVE() GEOMETRIC_REPRESENTATION_ITEM() RATIONAL_B_SPLINE_CURVE((1.,1.,
1.,1.,1.,1.,1.,1.,1.)) REPRESENTATION_ITEM('') );
#1089 = CARTESIAN_POINT('',(140.5,53.,65.));
#1090 = CARTESIAN_POINT('',(140.78125,53.,64.625));
#1091 = CARTESIAN_POINT('',(140.93721394436,53.,64.25));
#1092 = CARTESIAN_POINT('',(141.03555129892,53.,63.875));
#1093 = CARTESIAN_POINT('',(141.05762031743,53.,63.5));
#1094 = CARTESIAN_POINT('',(141.03555129892,53.,63.125));
#1095 = CARTESIAN_POINT('',(140.93721394436,53.,62.75));
#1096 = CARTESIAN_POINT('',(140.78125,53.,62.375));
#1097 = CARTESIAN_POINT('',(140.5,53.,62.));
#1098 = ORIENTED_EDGE('',*,*,#1099,.F.);
#1099 = EDGE_CURVE('',#228,#1086,#1100,.T.);
#1100 = ( BOUNDED_CURVE() B_SPLINE_CURVE(2,(#1101,#1102,#1103),
.UNSPECIFIED.,.F.,.F.) B_SPLINE_CURVE_WITH_KNOTS((3,3),(0.,3.),
.PIECEWISE_BEZIER_KNOTS.) CURVE() GEOMETRIC_REPRESENTATION_ITEM() 
RATIONAL_B_SPLINE_CURVE((1.,0.707106781187,1.)) REPRESENTATION_ITEM('') 
  );
#1101 = CARTESIAN_POINT('',(142.5,51.,62.));
#1102 = CARTESIAN_POINT('',(142.5,53.,62.));
#1103 = CARTESIAN_POINT('',(140.5,53.,62.));
#1104 = ORIENTED_EDGE('',*,*,#235,.F.);
#1105 = ( BOUNDED_SURFACE() B_SPLINE_SURFACE(2,8,(
    (#1106,#1107,#1108,#1109,#1110,#1111,#1112,#1113,#1114)
    ,(#1115,#1116,#1117,#1118,#1119,#1120,#1121,#1122,#1123)
    ,(#1124,#1125,#1126,#1127,#1128,#1129,#1130,#1131,#1132
)),.UNSPECIFIED.,.F.,.F.,.F.) B_SPLINE_SURFACE_WITH_KNOTS((3,3),(9,9),(
    0.,3.),(2.5,5.5),.PIECEWISE_BEZIER_KNOTS.) 
GEOMETRIC_REPRESENTATION_ITEM() RATIONAL_B_SPLINE_SURFACE((
    (1.,1.,1.,1.,1.,1.,1.,1.,1.)
    ,(0.707106781187,0.756825226739,0.780447808055,0.796783085523
      ,0.79881823653,0.796783085523,0.780447808055,0.756825226739
      ,0.707106781187)
,(1.,1.,1.,1.,1.,1.,1.,1.,1.))) REPRESENTATION_ITEM('') SURFACE() );
#1106 = CARTESIAN_POINT('',(142.5,51.,65.));
#1107 = CARTESIAN_POINT('',(142.5,51.,64.625));
#1108 = CARTESIAN_POINT('',(142.5,51.044872017982,64.25));
#1109 = CARTESIAN_POINT('',(142.5,51.067606005495,63.875));
#1110 = CARTESIAN_POINT('',(142.5,51.088206170482,63.5));
#1111 = CARTESIAN_POINT('',(142.5,51.067606005495,63.125));
#1112 = CARTESIAN_POINT('',(142.5,51.044872017982,62.75));
#1113 = CARTESIAN_POINT('',(142.5,51.,62.375));
#1114 = CARTESIAN_POINT('',(142.5,51.,62.));
#1115 = CARTESIAN_POINT('',(142.5,53.,65.));
#1116 = CARTESIAN_POINT('',(142.5,52.737226277372,64.649635036496));
#1117 = CARTESIAN_POINT('',(142.5,52.644635909813,64.266506029987));
#1118 = CARTESIAN_POINT('',(142.5,52.589500898295,63.887200975726));
#1119 = CARTESIAN_POINT('',(142.49999999999,52.588023662736,63.5));
#1120 = CARTESIAN_POINT('',(142.5,52.589500898295,63.112799024274));
#1121 = CARTESIAN_POINT('',(142.5,52.644635909813,62.733493970013));
#1122 = CARTESIAN_POINT('',(142.5,52.737226277372,62.350364963504));
#1123 = CARTESIAN_POINT('',(142.5,53.,62.));
#1124 = CARTESIAN_POINT('',(140.5,53.,65.));
#1125 = CARTESIAN_POINT('',(140.78125,53.,64.625));
#1126 = CARTESIAN_POINT('',(140.93721394436,53.,64.25));
#1127 = CARTESIAN_POINT('',(141.03555129892,53.,63.875));
#1128 = CARTESIAN_POINT('',(141.05762031743,53.,63.5));
#1129 = CARTESIAN_POINT('',(141.03555129892,53.,63.125));
#1130 = CARTESIAN_POINT('',(140.93721394436,53.,62.75));
#1131 = CARTESIAN_POINT('',(140.78125,53.,62.375));
#1132 = CARTESIAN_POINT('',(140.5,53.,62.));
#1133 = ADVANCED_FACE('',(#1134),#1145,.T.);
#1134 = FACE_BOUND('',#1135,.F.);
#1135 = EDGE_LOOP('',(#1136,#1137,#1143,#1144));
#1136 = ORIENTED_EDGE('',*,*,#1099,.T.);
#1137 = ORIENTED_EDGE('',*,*,#1138,.T.);
#1138 = EDGE_CURVE('',#1086,#1031,#1139,.T.);
#1139 = LINE('',#1140,#1141);
#1140 = CARTESIAN_POINT('',(140.5,53.,67.5));
#1141 = VECTOR('',#1142,1.);
#1142 = DIRECTION('',(0.,0.,-1.));
#1143 = ORIENTED_EDGE('',*,*,#1030,.F.);
#1144 = ORIENTED_EDGE('',*,*,#227,.F.);
#1145 = CYLINDRICAL_SURFACE('',#1146,2.);
#1146 = AXIS2_PLACEMENT_3D('',#1147,#1148,#1149);
#1147 = CARTESIAN_POINT('',(140.5,51.,67.5));
#1148 = DIRECTION('',(0.,0.,-1.));
#1149 = DIRECTION('',(1.,0.,0.));
#1150 = ADVANCED_FACE('',(#1151,#1269,#1280,#1291,#1302,#1313,#1324),
  #1335,.T.);
#1151 = FACE_BOUND('',#1152,.T.);
#1152 = EDGE_LOOP('',(#1153,#1161,#1162,#1163,#1171,#1179,#1185,#1186,
    #1194,#1202,#1208,#1209,#1210,#1219,#1226,#1227,#1236,#1245,#1253,
    #1262));
#1153 = ORIENTED_EDGE('',*,*,#1154,.T.);
#1154 = EDGE_CURVE('',#1155,#477,#1157,.T.);
#1155 = VERTEX_POINT('',#1156);
#1156 = CARTESIAN_POINT('',(5.5,53.,-62.75));
#1157 = LINE('',#1158,#1159);
#1158 = CARTESIAN_POINT('',(142.5,53.,-62.75));
#1159 = VECTOR('',#1160,1.);
#1160 = DIRECTION('',(-1.,0.,0.));
#1161 = ORIENTED_EDGE('',*,*,#476,.T.);
#1162 = ORIENTED_EDGE('',*,*,#354,.T.);
#1163 = ORIENTED_EDGE('',*,*,#1164,.F.);
#1164 = EDGE_CURVE('',#1165,#347,#1167,.T.);
#1165 = VERTEX_POINT('',#1166);
#1166 = CARTESIAN_POINT('',(65.,53.,73.5));
#1167 = LINE('',#1168,#1169);
#1168 = CARTESIAN_POINT('',(65.,53.,73.5));
#1169 = VECTOR('',#1170,1.);
#1170 = DIRECTION('',(-0.,-0.,-1.));
#1171 = ORIENTED_EDGE('',*,*,#1172,.F.);
#1172 = EDGE_CURVE('',#1173,#1165,#1175,.T.);
#1173 = VERTEX_POINT('',#1174);
#1174 = CARTESIAN_POINT('',(75.,53.,73.5));
#1175 = LINE('',#1176,#1177);
#1176 = CARTESIAN_POINT('',(75.,53.,73.5));
#1177 = VECTOR('',#1178,1.);
#1178 = DIRECTION('',(-1.,0.,0.));
#1179 = ORIENTED_EDGE('',*,*,#1180,.T.);
#1180 = EDGE_CURVE('',#1173,#323,#1181,.T.);
#1181 = LINE('',#1182,#1183);
#1182 = CARTESIAN_POINT('',(75.,53.,73.5));
#1183 = VECTOR('',#1184,1.);
#1184 = DIRECTION('',(-0.,-0.,-1.));
#1185 = ORIENTED_EDGE('',*,*,#322,.T.);
#1186 = ORIENTED_EDGE('',*,*,#1187,.F.);
#1187 = EDGE_CURVE('',#1188,#315,#1190,.T.);
#1188 = VERTEX_POINT('',#1189);
#1189 = CARTESIAN_POINT('',(112.,53.,73.5));
#1190 = LINE('',#1191,#1192);
#1191 = CARTESIAN_POINT('',(112.,53.,73.5));
#1192 = VECTOR('',#1193,1.);
#1193 = DIRECTION('',(-0.,-0.,-1.));
#1194 = ORIENTED_EDGE('',*,*,#1195,.F.);
#1195 = EDGE_CURVE('',#1196,#1188,#1198,.T.);
#1196 = VERTEX_POINT('',#1197);
#1197 = CARTESIAN_POINT('',(122.,53.,73.5));
#1198 = LINE('',#1199,#1200);
#1199 = CARTESIAN_POINT('',(122.,53.,73.5));
#1200 = VECTOR('',#1201,1.);
#1201 = DIRECTION('',(-1.,0.,0.));
#1202 = ORIENTED_EDGE('',*,*,#1203,.T.);
#1203 = EDGE_CURVE('',#1196,#291,#1204,.T.);
#1204 = LINE('',#1205,#1206);
#1205 = CARTESIAN_POINT('',(122.,53.,73.5));
#1206 = VECTOR('',#1207,1.);
#1207 = DIRECTION('',(-0.,-0.,-1.));
#1208 = ORIENTED_EDGE('',*,*,#290,.T.);
#1209 = ORIENTED_EDGE('',*,*,#1006,.T.);
#1210 = ORIENTED_EDGE('',*,*,#1211,.F.);
#1211 = EDGE_CURVE('',#1212,#1007,#1214,.T.);
#1212 = VERTEX_POINT('',#1213);
#1213 = CARTESIAN_POINT('',(136.,53.,63.5));
#1214 = CIRCLE('',#1215,2.5);
#1215 = AXIS2_PLACEMENT_3D('',#1216,#1217,#1218);
#1216 = CARTESIAN_POINT('',(138.5,53.,63.5));
#1217 = DIRECTION('',(0.,1.,-0.));
#1218 = DIRECTION('',(-1.,0.,0.));
#1219 = ORIENTED_EDGE('',*,*,#1220,.F.);
#1220 = EDGE_CURVE('',#1086,#1212,#1221,.T.);
#1221 = CIRCLE('',#1222,2.5);
#1222 = AXIS2_PLACEMENT_3D('',#1223,#1224,#1225);
#1223 = CARTESIAN_POINT('',(138.5,53.,63.5));
#1224 = DIRECTION('',(0.,1.,-0.));
#1225 = DIRECTION('',(-1.,0.,0.));
#1226 = ORIENTED_EDGE('',*,*,#1138,.T.);
#1227 = ORIENTED_EDGE('',*,*,#1228,.F.);
#1228 = EDGE_CURVE('',#1229,#1031,#1231,.T.);
#1229 = VERTEX_POINT('',#1230);
#1230 = CARTESIAN_POINT('',(136.,53.,-60.75));
#1231 = CIRCLE('',#1232,2.5);
#1232 = AXIS2_PLACEMENT_3D('',#1233,#1234,#1235);
#1233 = CARTESIAN_POINT('',(138.5,53.,-60.75));
#1234 = DIRECTION('',(0.,1.,-0.));
#1235 = DIRECTION('',(-1.,0.,0.));
#1236 = ORIENTED_EDGE('',*,*,#1237,.F.);
#1237 = EDGE_CURVE('',#1238,#1229,#1240,.T.);
#1238 = VERTEX_POINT('',#1239);
#1239 = CARTESIAN_POINT('',(137.,53.,-62.75));
#1240 = CIRCLE('',#1241,2.5);
#1241 = AXIS2_PLACEMENT_3D('',#1242,#1243,#1244);
#1242 = CARTESIAN_POINT('',(138.5,53.,-60.75));
#1243 = DIRECTION('',(0.,1.,-0.));
#1244 = DIRECTION('',(-1.,0.,0.));
#1245 = ORIENTED_EDGE('',*,*,#1246,.T.);
#1246 = EDGE_CURVE('',#1238,#1247,#1249,.T.);
#1247 = VERTEX_POINT('',#1248);
#1248 = CARTESIAN_POINT('',(8.5,53.,-62.75));
#1249 = LINE('',#1250,#1251);
#1250 = CARTESIAN_POINT('',(142.5,53.,-62.75));
#1251 = VECTOR('',#1252,1.);
#1252 = DIRECTION('',(-1.,0.,0.));
#1253 = ORIENTED_EDGE('',*,*,#1254,.F.);
#1254 = EDGE_CURVE('',#1255,#1247,#1257,.T.);
#1255 = VERTEX_POINT('',#1256);
#1256 = CARTESIAN_POINT('',(4.5,53.,-60.75));
#1257 = CIRCLE('',#1258,2.5);
#1258 = AXIS2_PLACEMENT_3D('',#1259,#1260,#1261);
#1259 = CARTESIAN_POINT('',(7.,53.,-60.75));
#1260 = DIRECTION('',(0.,1.,-0.));
#1261 = DIRECTION('',(-1.,0.,0.));
#1262 = ORIENTED_EDGE('',*,*,#1263,.F.);
#1263 = EDGE_CURVE('',#1155,#1255,#1264,.T.);
#1264 = CIRCLE('',#1265,2.5);
#1265 = AXIS2_PLACEMENT_3D('',#1266,#1267,#1268);
#1266 = CARTESIAN_POINT('',(7.,53.,-60.75));
#1267 = DIRECTION('',(0.,1.,-0.));
#1268 = DIRECTION('',(-1.,0.,0.));
#1269 = FACE_BOUND('',#1270,.T.);
#1270 = EDGE_LOOP('',(#1271));
#1271 = ORIENTED_EDGE('',*,*,#1272,.T.);
#1272 = EDGE_CURVE('',#1273,#1273,#1275,.T.);
#1273 = VERTEX_POINT('',#1274);
#1274 = CARTESIAN_POINT('',(99.5,53.,-8.5));
#1275 = CIRCLE('',#1276,1.);
#1276 = AXIS2_PLACEMENT_3D('',#1277,#1278,#1279);
#1277 = CARTESIAN_POINT('',(98.5,53.,-8.5));
#1278 = DIRECTION('',(0.,-1.,2.2E-16));
#1279 = DIRECTION('',(1.,0.,0.));
#1280 = FACE_BOUND('',#1281,.T.);
#1281 = EDGE_LOOP('',(#1282));
#1282 = ORIENTED_EDGE('',*,*,#1283,.T.);
#1283 = EDGE_CURVE('',#1284,#1284,#1286,.T.);
#1284 = VERTEX_POINT('',#1285);
#1285 = CARTESIAN_POINT('',(131.5,53.,-8.5));
#1286 = CIRCLE('',#1287,1.);
#1287 = AXIS2_PLACEMENT_3D('',#1288,#1289,#1290);
#1288 = CARTESIAN_POINT('',(130.5,53.,-8.5));
#1289 = DIRECTION('',(0.,-1.,2.2E-16));
#1290 = DIRECTION('',(1.,0.,0.));
#1291 = FACE_BOUND('',#1292,.T.);
#1292 = EDGE_LOOP('',(#1293));
#1293 = ORIENTED_EDGE('',*,*,#1294,.T.);
#1294 = EDGE_CURVE('',#1295,#1295,#1297,.T.);
#1295 = VERTEX_POINT('',#1296);
#1296 = CARTESIAN_POINT('',(99.5,53.,23.5));
#1297 = CIRCLE('',#1298,1.);
#1298 = AXIS2_PLACEMENT_3D('',#1299,#1300,#1301);
#1299 = CARTESIAN_POINT('',(98.5,53.,23.5));
#1300 = DIRECTION('',(0.,-1.,2.2E-16));
#1301 = DIRECTION('',(1.,0.,0.));
#1302 = FACE_BOUND('',#1303,.T.);
#1303 = EDGE_LOOP('',(#1304));
#1304 = ORIENTED_EDGE('',*,*,#1305,.T.);
#1305 = EDGE_CURVE('',#1306,#1306,#1308,.T.);
#1306 = VERTEX_POINT('',#1307);
#1307 = CARTESIAN_POINT('',(134.,53.,7.5));
#1308 = CIRCLE('',#1309,19.5);
#1309 = AXIS2_PLACEMENT_3D('',#1310,#1311,#1312);
#1310 = CARTESIAN_POINT('',(114.5,53.,7.5));
#1311 = DIRECTION('',(0.,-1.,2.2E-16));
#1312 = DIRECTION('',(1.,0.,0.));
#1313 = FACE_BOUND('',#1314,.T.);
#1314 = EDGE_LOOP('',(#1315));
#1315 = ORIENTED_EDGE('',*,*,#1316,.T.);
#1316 = EDGE_CURVE('',#1317,#1317,#1319,.T.);
#1317 = VERTEX_POINT('',#1318);
#1318 = CARTESIAN_POINT('',(131.5,53.,23.5));
#1319 = CIRCLE('',#1320,1.);
#1320 = AXIS2_PLACEMENT_3D('',#1321,#1322,#1323);
#1321 = CARTESIAN_POINT('',(130.5,53.,23.5));
#1322 = DIRECTION('',(0.,-1.,2.2E-16));
#1323 = DIRECTION('',(1.,0.,0.));
#1324 = FACE_BOUND('',#1325,.T.);
#1325 = EDGE_LOOP('',(#1326));
#1326 = ORIENTED_EDGE('',*,*,#1327,.F.);
#1327 = EDGE_CURVE('',#1328,#1328,#1330,.T.);
#1328 = VERTEX_POINT('',#1329);
#1329 = CARTESIAN_POINT('',(4.5,53.,63.5));
#1330 = CIRCLE('',#1331,2.5);
#1331 = AXIS2_PLACEMENT_3D('',#1332,#1333,#1334);
#1332 = CARTESIAN_POINT('',(7.,53.,63.5));
#1333 = DIRECTION('',(0.,1.,-0.));
#1334 = DIRECTION('',(-1.,0.,0.));
#1335 = PLANE('',#1336);
#1336 = AXIS2_PLACEMENT_3D('',#1337,#1338,#1339);
#1337 = CARTESIAN_POINT('',(5.93E-15,53.,5.406728045326));
#1338 = DIRECTION('',(0.,1.,3.4E-16));
#1339 = DIRECTION('',(0.,-3.4E-16,1.));
#1340 = ADVANCED_FACE('',(#1341),#1359,.T.);
#1341 = FACE_BOUND('',#1342,.T.);
#1342 = EDGE_LOOP('',(#1343,#1351,#1352,#1353));
#1343 = ORIENTED_EDGE('',*,*,#1344,.F.);
#1344 = EDGE_CURVE('',#1165,#1345,#1347,.T.);
#1345 = VERTEX_POINT('',#1346);
#1346 = CARTESIAN_POINT('',(65.,47.,73.5));
#1347 = LINE('',#1348,#1349);
#1348 = CARTESIAN_POINT('',(65.,53.,73.5));
#1349 = VECTOR('',#1350,1.);
#1350 = DIRECTION('',(0.,-1.,0.));
#1351 = ORIENTED_EDGE('',*,*,#1164,.T.);
#1352 = ORIENTED_EDGE('',*,*,#346,.F.);
#1353 = ORIENTED_EDGE('',*,*,#1354,.F.);
#1354 = EDGE_CURVE('',#1345,#339,#1355,.T.);
#1355 = LINE('',#1356,#1357);
#1356 = CARTESIAN_POINT('',(65.,47.,73.5));
#1357 = VECTOR('',#1358,1.);
#1358 = DIRECTION('',(-0.,-0.,-1.));
#1359 = PLANE('',#1360);
#1360 = AXIS2_PLACEMENT_3D('',#1361,#1362,#1363);
#1361 = CARTESIAN_POINT('',(65.,53.,73.5));
#1362 = DIRECTION('',(-1.,2.2E-16,0.));
#1363 = DIRECTION('',(-2.2E-16,-1.,0.));
#1364 = ADVANCED_FACE('',(#1365),#1383,.T.);
#1365 = FACE_BOUND('',#1366,.T.);
#1366 = EDGE_LOOP('',(#1367,#1375,#1376,#1377));
#1367 = ORIENTED_EDGE('',*,*,#1368,.F.);
#1368 = EDGE_CURVE('',#1345,#1369,#1371,.T.);
#1369 = VERTEX_POINT('',#1370);
#1370 = CARTESIAN_POINT('',(75.,47.,73.5));
#1371 = LINE('',#1372,#1373);
#1372 = CARTESIAN_POINT('',(65.,47.,73.5));
#1373 = VECTOR('',#1374,1.);
#1374 = DIRECTION('',(1.,0.,0.));
#1375 = ORIENTED_EDGE('',*,*,#1354,.T.);
#1376 = ORIENTED_EDGE('',*,*,#338,.F.);
#1377 = ORIENTED_EDGE('',*,*,#1378,.F.);
#1378 = EDGE_CURVE('',#1369,#331,#1379,.T.);
#1379 = LINE('',#1380,#1381);
#1380 = CARTESIAN_POINT('',(75.,47.,73.5));
#1381 = VECTOR('',#1382,1.);
#1382 = DIRECTION('',(-0.,-0.,-1.));
#1383 = PLANE('',#1384);
#1384 = AXIS2_PLACEMENT_3D('',#1385,#1386,#1387);
#1385 = CARTESIAN_POINT('',(65.,47.,73.5));
#1386 = DIRECTION('',(-2.2E-16,-1.,0.));
#1387 = DIRECTION('',(1.,-2.2E-16,0.));
#1388 = ADVANCED_FACE('',(#1389),#1400,.T.);
#1389 = FACE_BOUND('',#1390,.T.);
#1390 = EDGE_LOOP('',(#1391,#1397,#1398,#1399));
#1391 = ORIENTED_EDGE('',*,*,#1392,.F.);
#1392 = EDGE_CURVE('',#1369,#1173,#1393,.T.);
#1393 = LINE('',#1394,#1395);
#1394 = CARTESIAN_POINT('',(75.,47.,73.5));
#1395 = VECTOR('',#1396,1.);
#1396 = DIRECTION('',(0.,1.,0.));
#1397 = ORIENTED_EDGE('',*,*,#1378,.T.);
#1398 = ORIENTED_EDGE('',*,*,#330,.F.);
#1399 = ORIENTED_EDGE('',*,*,#1180,.F.);
#1400 = PLANE('',#1401);
#1401 = AXIS2_PLACEMENT_3D('',#1402,#1403,#1404);
#1402 = CARTESIAN_POINT('',(75.,47.,73.5));
#1403 = DIRECTION('',(1.,-2.2E-16,0.));
#1404 = DIRECTION('',(2.2E-16,1.,0.));
#1405 = ADVANCED_FACE('',(#1406),#1424,.T.);
#1406 = FACE_BOUND('',#1407,.T.);
#1407 = EDGE_LOOP('',(#1408,#1416,#1417,#1418));
#1408 = ORIENTED_EDGE('',*,*,#1409,.F.);
#1409 = EDGE_CURVE('',#1188,#1410,#1412,.T.);
#1410 = VERTEX_POINT('',#1411);
#1411 = CARTESIAN_POINT('',(112.,47.,73.5));
#1412 = LINE('',#1413,#1414);
#1413 = CARTESIAN_POINT('',(112.,53.,73.5));
#1414 = VECTOR('',#1415,1.);
#1415 = DIRECTION('',(0.,-1.,0.));
#1416 = ORIENTED_EDGE('',*,*,#1187,.T.);
#1417 = ORIENTED_EDGE('',*,*,#314,.F.);
#1418 = ORIENTED_EDGE('',*,*,#1419,.F.);
#1419 = EDGE_CURVE('',#1410,#307,#1420,.T.);
#1420 = LINE('',#1421,#1422);
#1421 = CARTESIAN_POINT('',(112.,47.,73.5));
#1422 = VECTOR('',#1423,1.);
#1423 = DIRECTION('',(-0.,-0.,-1.));
#1424 = PLANE('',#1425);
#1425 = AXIS2_PLACEMENT_3D('',#1426,#1427,#1428);
#1426 = CARTESIAN_POINT('',(112.,53.,73.5));
#1427 = DIRECTION('',(-1.,2.2E-16,0.));
#1428 = DIRECTION('',(-2.2E-16,-1.,0.));
#1429 = ADVANCED_FACE('',(#1430),#1448,.T.);
#1430 = FACE_BOUND('',#1431,.T.);
#1431 = EDGE_LOOP('',(#1432,#1440,#1441,#1442));
#1432 = ORIENTED_EDGE('',*,*,#1433,.F.);
#1433 = EDGE_CURVE('',#1410,#1434,#1436,.T.);
#1434 = VERTEX_POINT('',#1435);
#1435 = CARTESIAN_POINT('',(122.,47.,73.5));
#1436 = LINE('',#1437,#1438);
#1437 = CARTESIAN_POINT('',(112.,47.,73.5));
#1438 = VECTOR('',#1439,1.);
#1439 = DIRECTION('',(1.,0.,0.));
#1440 = ORIENTED_EDGE('',*,*,#1419,.T.);
#1441 = ORIENTED_EDGE('',*,*,#306,.F.);
#1442 = ORIENTED_EDGE('',*,*,#1443,.F.);
#1443 = EDGE_CURVE('',#1434,#299,#1444,.T.);
#1444 = LINE('',#1445,#1446);
#1445 = CARTESIAN_POINT('',(122.,47.,73.5));
#1446 = VECTOR('',#1447,1.);
#1447 = DIRECTION('',(-0.,-0.,-1.));
#1448 = PLANE('',#1449);
#1449 = AXIS2_PLACEMENT_3D('',#1450,#1451,#1452);
#1450 = CARTESIAN_POINT('',(112.,47.,73.5));
#1451 = DIRECTION('',(-2.2E-16,-1.,0.));
#1452 = DIRECTION('',(1.,-2.2E-16,0.));
#1453 = ADVANCED_FACE('',(#1454),#1465,.T.);
#1454 = FACE_BOUND('',#1455,.T.);
#1455 = EDGE_LOOP('',(#1456,#1462,#1463,#1464));
#1456 = ORIENTED_EDGE('',*,*,#1457,.F.);
#1457 = EDGE_CURVE('',#1434,#1196,#1458,.T.);
#1458 = LINE('',#1459,#1460);
#1459 = CARTESIAN_POINT('',(122.,47.,73.5));
#1460 = VECTOR('',#1461,1.);
#1461 = DIRECTION('',(0.,1.,0.));
#1462 = ORIENTED_EDGE('',*,*,#1443,.T.);
#1463 = ORIENTED_EDGE('',*,*,#298,.F.);
#1464 = ORIENTED_EDGE('',*,*,#1203,.F.);
#1465 = PLANE('',#1466);
#1466 = AXIS2_PLACEMENT_3D('',#1467,#1468,#1469);
#1467 = CARTESIAN_POINT('',(122.,47.,73.5));
#1468 = DIRECTION('',(1.,-2.2E-16,0.));
#1469 = DIRECTION('',(2.2E-16,1.,0.));
#1470 = ADVANCED_FACE('',(#1471),#1482,.F.);
#1471 = FACE_BOUND('',#1472,.F.);
#1472 = EDGE_LOOP('',(#1473,#1479,#1480,#1481));
#1473 = ORIENTED_EDGE('',*,*,#1474,.F.);
#1474 = EDGE_CURVE('',#363,#632,#1475,.T.);
#1475 = LINE('',#1476,#1477);
#1476 = CARTESIAN_POINT('',(51.5,46.,67.5));
#1477 = VECTOR('',#1478,1.);
#1478 = DIRECTION('',(0.,1.E-15,-1.));
#1479 = ORIENTED_EDGE('',*,*,#362,.F.);
#1480 = ORIENTED_EDGE('',*,*,#1474,.T.);
#1481 = ORIENTED_EDGE('',*,*,#631,.T.);
#1482 = CYLINDRICAL_SURFACE('',#1483,1.5);
#1483 = AXIS2_PLACEMENT_3D('',#1484,#1485,#1486);
#1484 = CARTESIAN_POINT('',(50.,46.,67.5));
#1485 = DIRECTION('',(0.,-1.E-15,1.));
#1486 = DIRECTION('',(1.,0.,0.));
#1487 = ADVANCED_FACE('',(#1488),#1499,.T.);
#1488 = FACE_BOUND('',#1489,.F.);
#1489 = EDGE_LOOP('',(#1490,#1491,#1497,#1498));
#1490 = ORIENTED_EDGE('',*,*,#797,.F.);
#1491 = ORIENTED_EDGE('',*,*,#1492,.T.);
#1492 = EDGE_CURVE('',#798,#1155,#1493,.T.);
#1493 = ( BOUNDED_CURVE() B_SPLINE_CURVE(2,(#1494,#1495,#1496),
.UNSPECIFIED.,.F.,.F.) B_SPLINE_CURVE_WITH_KNOTS((3,3),(0.,3.),
.PIECEWISE_BEZIER_KNOTS.) CURVE() GEOMETRIC_REPRESENTATION_ITEM() 
RATIONAL_B_SPLINE_CURVE((1.,0.707106781187,1.)) REPRESENTATION_ITEM('') 
  );
#1494 = CARTESIAN_POINT('',(5.5,51.,-64.75));
#1495 = CARTESIAN_POINT('',(5.5,53.,-64.75));
#1496 = CARTESIAN_POINT('',(5.5,53.,-62.75));
#1497 = ORIENTED_EDGE('',*,*,#1154,.T.);
#1498 = ORIENTED_EDGE('',*,*,#484,.T.);
#1499 = CYLINDRICAL_SURFACE('',#1500,2.);
#1500 = AXIS2_PLACEMENT_3D('',#1501,#1502,#1503);
#1501 = CARTESIAN_POINT('',(142.5,51.,-62.75));
#1502 = DIRECTION('',(-1.,0.,0.));
#1503 = DIRECTION('',(0.,0.,-1.));
#1504 = ADVANCED_FACE('',(#1505,#1540,#1551,#1562,#1573,#1584),#1595,.F.
  );
#1505 = FACE_BOUND('',#1506,.F.);
#1506 = EDGE_LOOP('',(#1507,#1508,#1509,#1510,#1511,#1512,#1513,#1514,
    #1522,#1530,#1536,#1537,#1538,#1539));
#1507 = ORIENTED_EDGE('',*,*,#656,.F.);
#1508 = ORIENTED_EDGE('',*,*,#674,.T.);
#1509 = ORIENTED_EDGE('',*,*,#705,.F.);
#1510 = ORIENTED_EDGE('',*,*,#730,.F.);
#1511 = ORIENTED_EDGE('',*,*,#756,.T.);
#1512 = ORIENTED_EDGE('',*,*,#772,.T.);
#1513 = ORIENTED_EDGE('',*,*,#396,.T.);
#1514 = ORIENTED_EDGE('',*,*,#1515,.T.);
#1515 = EDGE_CURVE('',#397,#1516,#1518,.T.);
#1516 = VERTEX_POINT('',#1517);
#1517 = CARTESIAN_POINT('',(29.5,49.,-40.));
#1518 = LINE('',#1519,#1520);
#1519 = CARTESIAN_POINT('',(-8.5,49.,-40.));
#1520 = VECTOR('',#1521,1.);
#1521 = DIRECTION('',(1.,0.,0.));
#1522 = ORIENTED_EDGE('',*,*,#1523,.T.);
#1523 = EDGE_CURVE('',#1516,#1524,#1526,.T.);
#1524 = VERTEX_POINT('',#1525);
#1525 = CARTESIAN_POINT('',(29.5,49.,15.));
#1526 = LINE('',#1527,#1528);
#1527 = CARTESIAN_POINT('',(29.5,49.,-40.));
#1528 = VECTOR('',#1529,1.);
#1529 = DIRECTION('',(0.,0.,1.));
#1530 = ORIENTED_EDGE('',*,*,#1531,.T.);
#1531 = EDGE_CURVE('',#1524,#453,#1532,.T.);
#1532 = LINE('',#1533,#1534);
#1533 = CARTESIAN_POINT('',(29.5,49.,15.));
#1534 = VECTOR('',#1535,1.);
#1535 = DIRECTION('',(-1.,0.,0.));
#1536 = ORIENTED_EDGE('',*,*,#460,.T.);
#1537 = ORIENTED_EDGE('',*,*,#574,.F.);
#1538 = ORIENTED_EDGE('',*,*,#599,.F.);
#1539 = ORIENTED_EDGE('',*,*,#621,.F.);
#1540 = FACE_BOUND('',#1541,.F.);
#1541 = EDGE_LOOP('',(#1542));
#1542 = ORIENTED_EDGE('',*,*,#1543,.T.);
#1543 = EDGE_CURVE('',#1544,#1544,#1546,.T.);
#1544 = VERTEX_POINT('',#1545);
#1545 = CARTESIAN_POINT('',(99.5,49.,-8.5));
#1546 = CIRCLE('',#1547,1.);
#1547 = AXIS2_PLACEMENT_3D('',#1548,#1549,#1550);
#1548 = CARTESIAN_POINT('',(98.5,49.,-8.5));
#1549 = DIRECTION('',(0.,-1.,2.2E-16));
#1550 = DIRECTION('',(1.,0.,0.));
#1551 = FACE_BOUND('',#1552,.F.);
#1552 = EDGE_LOOP('',(#1553));
#1553 = ORIENTED_EDGE('',*,*,#1554,.T.);
#1554 = EDGE_CURVE('',#1555,#1555,#1557,.T.);
#1555 = VERTEX_POINT('',#1556);
#1556 = CARTESIAN_POINT('',(131.5,49.,-8.5));
#1557 = CIRCLE('',#1558,1.);
#1558 = AXIS2_PLACEMENT_3D('',#1559,#1560,#1561);
#1559 = CARTESIAN_POINT('',(130.5,49.,-8.5));
#1560 = DIRECTION('',(0.,-1.,2.2E-16));
#1561 = DIRECTION('',(1.,0.,0.));
#1562 = FACE_BOUND('',#1563,.F.);
#1563 = EDGE_LOOP('',(#1564));
#1564 = ORIENTED_EDGE('',*,*,#1565,.T.);
#1565 = EDGE_CURVE('',#1566,#1566,#1568,.T.);
#1566 = VERTEX_POINT('',#1567);
#1567 = CARTESIAN_POINT('',(134.,49.,7.5));
#1568 = CIRCLE('',#1569,19.5);
#1569 = AXIS2_PLACEMENT_3D('',#1570,#1571,#1572);
#1570 = CARTESIAN_POINT('',(114.5,49.,7.5));
#1571 = DIRECTION('',(0.,-1.,2.2E-16));
#1572 = DIRECTION('',(1.,0.,0.));
#1573 = FACE_BOUND('',#1574,.F.);
#1574 = EDGE_LOOP('',(#1575));
#1575 = ORIENTED_EDGE('',*,*,#1576,.T.);
#1576 = EDGE_CURVE('',#1577,#1577,#1579,.T.);
#1577 = VERTEX_POINT('',#1578);
#1578 = CARTESIAN_POINT('',(99.5,49.,23.5));
#1579 = CIRCLE('',#1580,1.);
#1580 = AXIS2_PLACEMENT_3D('',#1581,#1582,#1583);
#1581 = CARTESIAN_POINT('',(98.5,49.,23.5));
#1582 = DIRECTION('',(0.,-1.,2.2E-16));
#1583 = DIRECTION('',(1.,0.,0.));
#1584 = FACE_BOUND('',#1585,.F.);
#1585 = EDGE_LOOP('',(#1586));
#1586 = ORIENTED_EDGE('',*,*,#1587,.T.);
#1587 = EDGE_CURVE('',#1588,#1588,#1590,.T.);
#1588 = VERTEX_POINT('',#1589);
#1589 = CARTESIAN_POINT('',(131.5,49.,23.5));
#1590 = CIRCLE('',#1591,1.);
#1591 = AXIS2_PLACEMENT_3D('',#1592,#1593,#1594);
#1592 = CARTESIAN_POINT('',(130.5,49.,23.5));
#1593 = DIRECTION('',(0.,-1.,2.2E-16));
#1594 = DIRECTION('',(1.,0.,0.));
#1595 = PLANE('',#1596);
#1596 = AXIS2_PLACEMENT_3D('',#1597,#1598,#1599);
#1597 = CARTESIAN_POINT('',(0.,49.,1.375));
#1598 = DIRECTION('',(0.,1.,0.));
#1599 = DIRECTION('',(0.,0.,1.));
#1600 = ADVANCED_FACE('',(#1601),#1619,.F.);
#1601 = FACE_BOUND('',#1602,.F.);
#1602 = EDGE_LOOP('',(#1603,#1604,#1612,#1618));
#1603 = ORIENTED_EDGE('',*,*,#1531,.F.);
#1604 = ORIENTED_EDGE('',*,*,#1605,.T.);
#1605 = EDGE_CURVE('',#1524,#1606,#1608,.T.);
#1606 = VERTEX_POINT('',#1607);
#1607 = CARTESIAN_POINT('',(29.5,49.2,15.));
#1608 = LINE('',#1609,#1610);
#1609 = CARTESIAN_POINT('',(29.5,49.,15.));
#1610 = VECTOR('',#1611,1.);
#1611 = DIRECTION('',(0.,1.,-2.2E-16));
#1612 = ORIENTED_EDGE('',*,*,#1613,.T.);
#1613 = EDGE_CURVE('',#1606,#445,#1614,.T.);
#1614 = LINE('',#1615,#1616);
#1615 = CARTESIAN_POINT('',(29.5,49.2,15.));
#1616 = VECTOR('',#1617,1.);
#1617 = DIRECTION('',(-1.,0.,0.));
#1618 = ORIENTED_EDGE('',*,*,#452,.T.);
#1619 = PLANE('',#1620);
#1620 = AXIS2_PLACEMENT_3D('',#1621,#1622,#1623);
#1621 = CARTESIAN_POINT('',(29.5,49.,15.));
#1622 = DIRECTION('',(0.,2.2E-16,1.));
#1623 = DIRECTION('',(-1.,0.,0.));
#1624 = ADVANCED_FACE('',(#1625),#1666,.F.);
#1625 = FACE_BOUND('',#1626,.F.);
#1626 = EDGE_LOOP('',(#1627,#1628,#1629,#1637,#1643,#1644,#1652,#1660));
#1627 = ORIENTED_EDGE('',*,*,#444,.T.);
#1628 = ORIENTED_EDGE('',*,*,#1613,.F.);
#1629 = ORIENTED_EDGE('',*,*,#1630,.F.);
#1630 = EDGE_CURVE('',#1631,#1606,#1633,.T.);
#1631 = VERTEX_POINT('',#1632);
#1632 = CARTESIAN_POINT('',(29.5,49.2,-40.));
#1633 = LINE('',#1634,#1635);
#1634 = CARTESIAN_POINT('',(29.5,49.2,-40.));
#1635 = VECTOR('',#1636,1.);
#1636 = DIRECTION('',(0.,0.,1.));
#1637 = ORIENTED_EDGE('',*,*,#1638,.F.);
#1638 = EDGE_CURVE('',#405,#1631,#1639,.T.);
#1639 = LINE('',#1640,#1641);
#1640 = CARTESIAN_POINT('',(-8.5,49.2,-40.));
#1641 = VECTOR('',#1642,1.);
#1642 = DIRECTION('',(1.,0.,0.));
#1643 = ORIENTED_EDGE('',*,*,#412,.T.);
#1644 = ORIENTED_EDGE('',*,*,#1645,.T.);
#1645 = EDGE_CURVE('',#413,#1646,#1648,.T.);
#1646 = VERTEX_POINT('',#1647);
#1647 = CARTESIAN_POINT('',(28.5,49.2,-39.));
#1648 = LINE('',#1649,#1650);
#1649 = CARTESIAN_POINT('',(-7.500000000016,49.2,-39.));
#1650 = VECTOR('',#1651,1.);
#1651 = DIRECTION('',(1.,0.,0.));
#1652 = ORIENTED_EDGE('',*,*,#1653,.T.);
#1653 = EDGE_CURVE('',#1646,#1654,#1656,.T.);
#1654 = VERTEX_POINT('',#1655);
#1655 = CARTESIAN_POINT('',(28.5,49.2,14.000000000016));
#1656 = LINE('',#1657,#1658);
#1657 = CARTESIAN_POINT('',(28.5,49.2,-39.));
#1658 = VECTOR('',#1659,1.);
#1659 = DIRECTION('',(0.,0.,1.));
#1660 = ORIENTED_EDGE('',*,*,#1661,.T.);
#1661 = EDGE_CURVE('',#1654,#437,#1662,.T.);
#1662 = LINE('',#1663,#1664);
#1663 = CARTESIAN_POINT('',(28.5,49.2,14.000000000016));
#1664 = VECTOR('',#1665,1.);
#1665 = DIRECTION('',(-1.,0.,0.));
#1666 = PLANE('',#1667);
#1667 = AXIS2_PLACEMENT_3D('',#1668,#1669,#1670);
#1668 = CARTESIAN_POINT('',(10.499999999996,49.2,-12.49999999999));
#1669 = DIRECTION('',(0.,1.,0.));
#1670 = DIRECTION('',(0.,0.,1.));
#1671 = ADVANCED_FACE('',(#1672),#1690,.T.);
#1672 = FACE_BOUND('',#1673,.T.);
#1673 = EDGE_LOOP('',(#1674,#1682,#1688,#1689));
#1674 = ORIENTED_EDGE('',*,*,#1675,.F.);
#1675 = EDGE_CURVE('',#1676,#429,#1678,.T.);
#1676 = VERTEX_POINT('',#1677);
#1677 = CARTESIAN_POINT('',(28.5,49.,14.000000000016));
#1678 = LINE('',#1679,#1680);
#1679 = CARTESIAN_POINT('',(28.5,49.,14.000000000016));
#1680 = VECTOR('',#1681,1.);
#1681 = DIRECTION('',(-1.,0.,0.));
#1682 = ORIENTED_EDGE('',*,*,#1683,.T.);
#1683 = EDGE_CURVE('',#1676,#1654,#1684,.T.);
#1684 = LINE('',#1685,#1686);
#1685 = CARTESIAN_POINT('',(28.5,49.,14.000000000016));
#1686 = VECTOR('',#1687,1.);
#1687 = DIRECTION('',(0.,1.,-2.2E-16));
#1688 = ORIENTED_EDGE('',*,*,#1661,.T.);
#1689 = ORIENTED_EDGE('',*,*,#436,.T.);
#1690 = PLANE('',#1691);
#1691 = AXIS2_PLACEMENT_3D('',#1692,#1693,#1694);
#1692 = CARTESIAN_POINT('',(28.5,49.,14.000000000016));
#1693 = DIRECTION('',(0.,2.2E-16,1.));
#1694 = DIRECTION('',(-1.,0.,0.));
#1695 = ADVANCED_FACE('',(#1696),#1714,.F.);
#1696 = FACE_BOUND('',#1697,.F.);
#1697 = EDGE_LOOP('',(#1698,#1699,#1700,#1708));
#1698 = ORIENTED_EDGE('',*,*,#428,.T.);
#1699 = ORIENTED_EDGE('',*,*,#1675,.F.);
#1700 = ORIENTED_EDGE('',*,*,#1701,.F.);
#1701 = EDGE_CURVE('',#1702,#1676,#1704,.T.);
#1702 = VERTEX_POINT('',#1703);
#1703 = CARTESIAN_POINT('',(28.5,49.,-39.));
#1704 = LINE('',#1705,#1706);
#1705 = CARTESIAN_POINT('',(28.5,49.,-39.));
#1706 = VECTOR('',#1707,1.);
#1707 = DIRECTION('',(0.,0.,1.));
#1708 = ORIENTED_EDGE('',*,*,#1709,.F.);
#1709 = EDGE_CURVE('',#421,#1702,#1710,.T.);
#1710 = LINE('',#1711,#1712);
#1711 = CARTESIAN_POINT('',(-7.500000000016,49.,-39.));
#1712 = VECTOR('',#1713,1.);
#1713 = DIRECTION('',(1.,0.,0.));
#1714 = PLANE('',#1715);
#1715 = AXIS2_PLACEMENT_3D('',#1716,#1717,#1718);
#1716 = CARTESIAN_POINT('',(0.,49.,1.375));
#1717 = DIRECTION('',(0.,1.,0.));
#1718 = DIRECTION('',(0.,0.,1.));
#1719 = ADVANCED_FACE('',(#1720),#1731,.T.);
#1720 = FACE_BOUND('',#1721,.T.);
#1721 = EDGE_LOOP('',(#1722,#1723,#1724,#1725));
#1722 = ORIENTED_EDGE('',*,*,#1709,.F.);
#1723 = ORIENTED_EDGE('',*,*,#420,.T.);
#1724 = ORIENTED_EDGE('',*,*,#1645,.T.);
#1725 = ORIENTED_EDGE('',*,*,#1726,.F.);
#1726 = EDGE_CURVE('',#1702,#1646,#1727,.T.);
#1727 = LINE('',#1728,#1729);
#1728 = CARTESIAN_POINT('',(28.5,49.,-39.));
#1729 = VECTOR('',#1730,1.);
#1730 = DIRECTION('',(0.,1.,-2.2E-16));
#1731 = PLANE('',#1732);
#1732 = AXIS2_PLACEMENT_3D('',#1733,#1734,#1735);
#1733 = CARTESIAN_POINT('',(-7.500000000016,49.,-39.));
#1734 = DIRECTION('',(0.,-2.2E-16,-1.));
#1735 = DIRECTION('',(1.,0.,0.));
#1736 = ADVANCED_FACE('',(#1737),#1748,.F.);
#1737 = FACE_BOUND('',#1738,.F.);
#1738 = EDGE_LOOP('',(#1739,#1740,#1741,#1742));
#1739 = ORIENTED_EDGE('',*,*,#1515,.F.);
#1740 = ORIENTED_EDGE('',*,*,#404,.T.);
#1741 = ORIENTED_EDGE('',*,*,#1638,.T.);
#1742 = ORIENTED_EDGE('',*,*,#1743,.F.);
#1743 = EDGE_CURVE('',#1516,#1631,#1744,.T.);
#1744 = LINE('',#1745,#1746);
#1745 = CARTESIAN_POINT('',(29.5,49.,-40.));
#1746 = VECTOR('',#1747,1.);
#1747 = DIRECTION('',(0.,1.,-2.2E-16));
#1748 = PLANE('',#1749);
#1749 = AXIS2_PLACEMENT_3D('',#1750,#1751,#1752);
#1750 = CARTESIAN_POINT('',(-8.5,49.,-40.));
#1751 = DIRECTION('',(0.,-2.2E-16,-1.));
#1752 = DIRECTION('',(1.,0.,0.));
#1753 = ADVANCED_FACE('',(#1754),#1773,.F.);
#1754 = FACE_BOUND('',#1755,.F.);
#1755 = EDGE_LOOP('',(#1756,#1765,#1771,#1772));
#1756 = ORIENTED_EDGE('',*,*,#1757,.F.);
#1757 = EDGE_CURVE('',#1758,#1758,#1760,.T.);
#1758 = VERTEX_POINT('',#1759);
#1759 = CARTESIAN_POINT('',(10.,51.000000000005,58.5));
#1760 = CIRCLE('',#1761,1.);
#1761 = AXIS2_PLACEMENT_3D('',#1762,#1763,#1764);
#1762 = CARTESIAN_POINT('',(10.,50.000000000005,58.5));
#1763 = DIRECTION('',(1.,0.,0.));
#1764 = DIRECTION('',(0.,1.,0.));
#1765 = ORIENTED_EDGE('',*,*,#1766,.T.);
#1766 = EDGE_CURVE('',#1758,#494,#1767,.T.);
#1767 = LINE('',#1768,#1769);
#1768 = CARTESIAN_POINT('',(10.,51.000000000005,58.5));
#1769 = VECTOR('',#1770,1.);
#1770 = DIRECTION('',(-1.,-0.,-0.));
#1771 = ORIENTED_EDGE('',*,*,#493,.T.);
#1772 = ORIENTED_EDGE('',*,*,#1766,.F.);
#1773 = CYLINDRICAL_SURFACE('',#1774,1.);
#1774 = AXIS2_PLACEMENT_3D('',#1775,#1776,#1777);
#1775 = CARTESIAN_POINT('',(10.,50.000000000005,58.5));
#1776 = DIRECTION('',(1.,0.,0.));
#1777 = DIRECTION('',(0.,1.,0.));
#1778 = ADVANCED_FACE('',(#1779),#1798,.F.);
#1779 = FACE_BOUND('',#1780,.F.);
#1780 = EDGE_LOOP('',(#1781,#1790,#1796,#1797));
#1781 = ORIENTED_EDGE('',*,*,#1782,.F.);
#1782 = EDGE_CURVE('',#1783,#1783,#1785,.T.);
#1783 = VERTEX_POINT('',#1784);
#1784 = CARTESIAN_POINT('',(10.,52.,20.416666666686));
#1785 = CIRCLE('',#1786,1.);
#1786 = AXIS2_PLACEMENT_3D('',#1787,#1788,#1789);
#1787 = CARTESIAN_POINT('',(10.,51.,20.416666666686));
#1788 = DIRECTION('',(1.,0.,0.));
#1789 = DIRECTION('',(0.,1.,0.));
#1790 = ORIENTED_EDGE('',*,*,#1791,.T.);
#1791 = EDGE_CURVE('',#1783,#505,#1792,.T.);
#1792 = LINE('',#1793,#1794);
#1793 = CARTESIAN_POINT('',(10.,52.,20.416666666686));
#1794 = VECTOR('',#1795,1.);
#1795 = DIRECTION('',(-1.,-0.,-0.));
#1796 = ORIENTED_EDGE('',*,*,#504,.T.);
#1797 = ORIENTED_EDGE('',*,*,#1791,.F.);
#1798 = CYLINDRICAL_SURFACE('',#1799,1.);
#1799 = AXIS2_PLACEMENT_3D('',#1800,#1801,#1802);
#1800 = CARTESIAN_POINT('',(10.,51.,20.416666666686));
#1801 = DIRECTION('',(1.,0.,0.));
#1802 = DIRECTION('',(0.,1.,0.));
#1803 = ADVANCED_FACE('',(#1804),#1823,.F.);
#1804 = FACE_BOUND('',#1805,.F.);
#1805 = EDGE_LOOP('',(#1806,#1815,#1821,#1822));
#1806 = ORIENTED_EDGE('',*,*,#1807,.F.);
#1807 = EDGE_CURVE('',#1808,#1808,#1810,.T.);
#1808 = VERTEX_POINT('',#1809);
#1809 = CARTESIAN_POINT('',(10.,52.,-17.66666666665));
#1810 = CIRCLE('',#1811,1.);
#1811 = AXIS2_PLACEMENT_3D('',#1812,#1813,#1814);
#1812 = CARTESIAN_POINT('',(10.,51.,-17.66666666665));
#1813 = DIRECTION('',(1.,0.,0.));
#1814 = DIRECTION('',(0.,1.,0.));
#1815 = ORIENTED_EDGE('',*,*,#1816,.T.);
#1816 = EDGE_CURVE('',#1808,#516,#1817,.T.);
#1817 = LINE('',#1818,#1819);
#1818 = CARTESIAN_POINT('',(10.,52.,-17.66666666665));
#1819 = VECTOR('',#1820,1.);
#1820 = DIRECTION('',(-1.,-0.,-0.));
#1821 = ORIENTED_EDGE('',*,*,#515,.T.);
#1822 = ORIENTED_EDGE('',*,*,#1816,.F.);
#1823 = CYLINDRICAL_SURFACE('',#1824,1.);
#1824 = AXIS2_PLACEMENT_3D('',#1825,#1826,#1827);
#1825 = CARTESIAN_POINT('',(10.,51.,-17.66666666665));
#1826 = DIRECTION('',(1.,0.,0.));
#1827 = DIRECTION('',(0.,1.,0.));
#1828 = ADVANCED_FACE('',(#1829),#1848,.F.);
#1829 = FACE_BOUND('',#1830,.F.);
#1830 = EDGE_LOOP('',(#1831,#1840,#1846,#1847));
#1831 = ORIENTED_EDGE('',*,*,#1832,.F.);
#1832 = EDGE_CURVE('',#1833,#1833,#1835,.T.);
#1833 = VERTEX_POINT('',#1834);
#1834 = CARTESIAN_POINT('',(10.,52.,-55.75000000002));
#1835 = CIRCLE('',#1836,1.);
#1836 = AXIS2_PLACEMENT_3D('',#1837,#1838,#1839);
#1837 = CARTESIAN_POINT('',(10.,51.,-55.75000000002));
#1838 = DIRECTION('',(1.,0.,0.));
#1839 = DIRECTION('',(0.,1.,0.));
#1840 = ORIENTED_EDGE('',*,*,#1841,.T.);
#1841 = EDGE_CURVE('',#1833,#527,#1842,.T.);
#1842 = LINE('',#1843,#1844);
#1843 = CARTESIAN_POINT('',(10.,52.,-55.75000000002));
#1844 = VECTOR('',#1845,1.);
#1845 = DIRECTION('',(-1.,-0.,-0.));
#1846 = ORIENTED_EDGE('',*,*,#526,.T.);
#1847 = ORIENTED_EDGE('',*,*,#1841,.F.);
#1848 = CYLINDRICAL_SURFACE('',#1849,1.);
#1849 = AXIS2_PLACEMENT_3D('',#1850,#1851,#1852);
#1850 = CARTESIAN_POINT('',(10.,51.,-55.75000000002));
#1851 = DIRECTION('',(1.,0.,0.));
#1852 = DIRECTION('',(0.,1.,0.));
#1853 = ADVANCED_FACE('',(#1854),#1873,.F.);
#1854 = FACE_BOUND('',#1855,.F.);
#1855 = EDGE_LOOP('',(#1856,#1865,#1871,#1872));
#1856 = ORIENTED_EDGE('',*,*,#1857,.F.);
#1857 = EDGE_CURVE('',#1858,#1858,#1860,.T.);
#1858 = VERTEX_POINT('',#1859);
#1859 = CARTESIAN_POINT('',(10.,43.,58.5));
#1860 = CIRCLE('',#1861,1.);
#1861 = AXIS2_PLACEMENT_3D('',#1862,#1863,#1864);
#1862 = CARTESIAN_POINT('',(10.,42.,58.5));
#1863 = DIRECTION('',(1.,0.,0.));
#1864 = DIRECTION('',(0.,1.,0.));
#1865 = ORIENTED_EDGE('',*,*,#1866,.T.);
#1866 = EDGE_CURVE('',#1858,#538,#1867,.T.);
#1867 = LINE('',#1868,#1869);
#1868 = CARTESIAN_POINT('',(10.,43.,58.5));
#1869 = VECTOR('',#1870,1.);
#1870 = DIRECTION('',(-1.,-0.,-0.));
#1871 = ORIENTED_EDGE('',*,*,#537,.T.);
#1872 = ORIENTED_EDGE('',*,*,#1866,.F.);
#1873 = CYLINDRICAL_SURFACE('',#1874,1.);
#1874 = AXIS2_PLACEMENT_3D('',#1875,#1876,#1877);
#1875 = CARTESIAN_POINT('',(10.,42.,58.5));
#1876 = DIRECTION('',(1.,0.,0.));
#1877 = DIRECTION('',(0.,1.,0.));
#1878 = ADVANCED_FACE('',(#1879),#1898,.F.);
#1879 = FACE_BOUND('',#1880,.F.);
#1880 = EDGE_LOOP('',(#1881,#1890,#1896,#1897));
#1881 = ORIENTED_EDGE('',*,*,#1882,.F.);
#1882 = EDGE_CURVE('',#1883,#1883,#1885,.T.);
#1883 = VERTEX_POINT('',#1884);
#1884 = CARTESIAN_POINT('',(10.,43.000000000025,-55.75000000002));
#1885 = CIRCLE('',#1886,1.);
#1886 = AXIS2_PLACEMENT_3D('',#1887,#1888,#1889);
#1887 = CARTESIAN_POINT('',(10.,42.000000000025,-55.75000000002));
#1888 = DIRECTION('',(1.,0.,0.));
#1889 = DIRECTION('',(0.,1.,0.));
#1890 = ORIENTED_EDGE('',*,*,#1891,.T.);
#1891 = EDGE_CURVE('',#1883,#549,#1892,.T.);
#1892 = LINE('',#1893,#1894);
#1893 = CARTESIAN_POINT('',(10.,43.000000000025,-55.75000000002));
#1894 = VECTOR('',#1895,1.);
#1895 = DIRECTION('',(-1.,-0.,-0.));
#1896 = ORIENTED_EDGE('',*,*,#548,.T.);
#1897 = ORIENTED_EDGE('',*,*,#1891,.F.);
#1898 = CYLINDRICAL_SURFACE('',#1899,1.);
#1899 = AXIS2_PLACEMENT_3D('',#1900,#1901,#1902);
#1900 = CARTESIAN_POINT('',(10.,42.000000000025,-55.75000000002));
#1901 = DIRECTION('',(1.,0.,0.));
#1902 = DIRECTION('',(0.,1.,0.));
#1903 = ADVANCED_FACE('',(#1904),#1929,.T.);
#1904 = FACE_BOUND('',#1905,.F.);
#1905 = EDGE_LOOP('',(#1906,#1913,#1921,#1928));
#1906 = ORIENTED_EDGE('',*,*,#1907,.T.);
#1907 = EDGE_CURVE('',#788,#982,#1908,.T.);
#1908 = CIRCLE('',#1909,2.);
#1909 = AXIS2_PLACEMENT_3D('',#1910,#1911,#1912);
#1910 = CARTESIAN_POINT('',(140.5,51.,-62.75));
#1911 = DIRECTION('',(1.,0.,0.));
#1912 = DIRECTION('',(0.,1.,0.));
#1913 = ORIENTED_EDGE('',*,*,#1914,.T.);
#1914 = EDGE_CURVE('',#982,#1915,#1917,.T.);
#1915 = VERTEX_POINT('',#1916);
#1916 = CARTESIAN_POINT('',(140.,53.,-62.75));
#1917 = LINE('',#1918,#1919);
#1918 = CARTESIAN_POINT('',(142.5,53.,-62.75));
#1919 = VECTOR('',#1920,1.);
#1920 = DIRECTION('',(-1.,0.,0.));
#1921 = ORIENTED_EDGE('',*,*,#1922,.F.);
#1922 = EDGE_CURVE('',#828,#1915,#1923,.T.);
#1923 = CIRCLE('',#1924,2.);
#1924 = AXIS2_PLACEMENT_3D('',#1925,#1926,#1927);
#1925 = CARTESIAN_POINT('',(140.,51.,-62.75));
#1926 = DIRECTION('',(1.,-0.,0.));
#1927 = DIRECTION('',(0.,0.,-1.));
#1928 = ORIENTED_EDGE('',*,*,#841,.F.);
#1929 = CYLINDRICAL_SURFACE('',#1930,2.);
#1930 = AXIS2_PLACEMENT_3D('',#1931,#1932,#1933);
#1931 = CARTESIAN_POINT('',(142.5,51.,-62.75));
#1932 = DIRECTION('',(-1.,0.,0.));
#1933 = DIRECTION('',(0.,0.,-1.));
#1934 = ADVANCED_FACE('',(#1935),#1957,.F.);
#1935 = FACE_BOUND('',#1936,.F.);
#1936 = EDGE_LOOP('',(#1937,#1938,#1950,#1956));
#1937 = ORIENTED_EDGE('',*,*,#1922,.T.);
#1938 = ORIENTED_EDGE('',*,*,#1939,.T.);
#1939 = EDGE_CURVE('',#1915,#1238,#1940,.T.);
#1940 = ( BOUNDED_CURVE() B_SPLINE_CURVE(8,(#1941,#1942,#1943,#1944,
    #1945,#1946,#1947,#1948,#1949),.UNSPECIFIED.,.F.,.F.) 
B_SPLINE_CURVE_WITH_KNOTS((9,9),(2.5,5.5),.PIECEWISE_BEZIER_KNOTS.) 
CURVE() GEOMETRIC_REPRESENTATION_ITEM() RATIONAL_B_SPLINE_CURVE((1.,1.,
1.,1.,1.,1.,1.,1.,1.)) REPRESENTATION_ITEM('') );
#1941 = CARTESIAN_POINT('',(140.,53.,-62.75));
#1942 = CARTESIAN_POINT('',(139.625,53.,-63.03125));
#1943 = CARTESIAN_POINT('',(139.25,53.,-63.18721394436));
#1944 = CARTESIAN_POINT('',(138.875,53.,-63.28555129892));
#1945 = CARTESIAN_POINT('',(138.5,53.,-63.30762031743));
#1946 = CARTESIAN_POINT('',(138.125,53.,-63.28555129892));
#1947 = CARTESIAN_POINT('',(137.75,53.,-63.18721394435));
#1948 = CARTESIAN_POINT('',(137.375,53.,-63.03125));
#1949 = CARTESIAN_POINT('',(137.,53.,-62.75));
#1950 = ORIENTED_EDGE('',*,*,#1951,.F.);
#1951 = EDGE_CURVE('',#820,#1238,#1952,.T.);
#1952 = ( BOUNDED_CURVE() B_SPLINE_CURVE(2,(#1953,#1954,#1955),
.UNSPECIFIED.,.F.,.F.) B_SPLINE_CURVE_WITH_KNOTS((3,3),(0.,3.),
.PIECEWISE_BEZIER_KNOTS.) CURVE() GEOMETRIC_REPRESENTATION_ITEM() 
RATIONAL_B_SPLINE_CURVE((1.,0.707106781187,1.)) REPRESENTATION_ITEM('') 
  );
#1953 = CARTESIAN_POINT('',(137.,51.,-64.75));
#1954 = CARTESIAN_POINT('',(137.,53.,-64.75));
#1955 = CARTESIAN_POINT('',(137.,53.,-62.75));
#1956 = ORIENTED_EDGE('',*,*,#827,.F.);
#1957 = ( BOUNDED_SURFACE() B_SPLINE_SURFACE(2,8,(
    (#1958,#1959,#1960,#1961,#1962,#1963,#1964,#1965,#1966)
    ,(#1967,#1968,#1969,#1970,#1971,#1972,#1973,#1974,#1975)
    ,(#1976,#1977,#1978,#1979,#1980,#1981,#1982,#1983,#1984
)),.UNSPECIFIED.,.F.,.F.,.F.) B_SPLINE_SURFACE_WITH_KNOTS((3,3),(9,9),(
    0.,3.),(2.5,5.5),.PIECEWISE_BEZIER_KNOTS.) 
GEOMETRIC_REPRESENTATION_ITEM() RATIONAL_B_SPLINE_SURFACE((
    (1.,1.,1.,1.,1.,1.,1.,1.,1.)
    ,(0.707106781187,0.756825226739,0.780447808054,0.796783085523
      ,0.79881823653,0.796783085523,0.780447808054,0.756825226739
      ,0.707106781187)
,(1.,1.,1.,1.,1.,1.,1.,1.,1.))) REPRESENTATION_ITEM('') SURFACE() );
#1958 = CARTESIAN_POINT('',(140.,51.,-64.75));
#1959 = CARTESIAN_POINT('',(139.625,51.,-64.75));
#1960 = CARTESIAN_POINT('',(139.25,51.044872017982,-64.75));
#1961 = CARTESIAN_POINT('',(138.875,51.067606005495,-64.75));
#1962 = CARTESIAN_POINT('',(138.5,51.088206170482,-64.75));
#1963 = CARTESIAN_POINT('',(138.125,51.067606005495,-64.75));
#1964 = CARTESIAN_POINT('',(137.75,51.044872017982,-64.75));
#1965 = CARTESIAN_POINT('',(137.375,51.,-64.75));
#1966 = CARTESIAN_POINT('',(137.,51.,-64.75));
#1967 = CARTESIAN_POINT('',(140.,53.,-64.75));
#1968 = CARTESIAN_POINT('',(139.64963503649,52.737226277372,-64.75));
#1969 = CARTESIAN_POINT('',(139.26650602998,52.644635909813,-64.75));
#1970 = CARTESIAN_POINT('',(138.88720097572,52.589500898295,-64.75));
#1971 = CARTESIAN_POINT('',(138.5,52.588023662736,-64.75));
#1972 = CARTESIAN_POINT('',(138.11279902427,52.589500898295,-64.75));
#1973 = CARTESIAN_POINT('',(137.73349397001,52.644635909813,-64.75));
#1974 = CARTESIAN_POINT('',(137.3503649635,52.737226277372,-64.75));
#1975 = CARTESIAN_POINT('',(137.,53.,-64.75));
#1976 = CARTESIAN_POINT('',(140.,53.,-62.75));
#1977 = CARTESIAN_POINT('',(139.625,53.,-63.03125));
#1978 = CARTESIAN_POINT('',(139.25,53.,-63.18721394436));
#1979 = CARTESIAN_POINT('',(138.875,53.,-63.28555129892));
#1980 = CARTESIAN_POINT('',(138.5,53.,-63.30762031743));
#1981 = CARTESIAN_POINT('',(138.125,53.,-63.28555129892));
#1982 = CARTESIAN_POINT('',(137.75,53.,-63.18721394435));
#1983 = CARTESIAN_POINT('',(137.375,53.,-63.03125));
#1984 = CARTESIAN_POINT('',(137.,53.,-62.75));
#1985 = ADVANCED_FACE('',(#1986),#1998,.T.);
#1986 = FACE_BOUND('',#1987,.F.);
#1987 = EDGE_LOOP('',(#1988,#1989,#1990,#1997));
#1988 = ORIENTED_EDGE('',*,*,#1951,.T.);
#1989 = ORIENTED_EDGE('',*,*,#1246,.T.);
#1990 = ORIENTED_EDGE('',*,*,#1991,.F.);
#1991 = EDGE_CURVE('',#806,#1247,#1992,.T.);
#1992 = CIRCLE('',#1993,2.);
#1993 = AXIS2_PLACEMENT_3D('',#1994,#1995,#1996);
#1994 = CARTESIAN_POINT('',(8.5,51.,-62.75));
#1995 = DIRECTION('',(1.,-0.,0.));
#1996 = DIRECTION('',(0.,0.,-1.));
#1997 = ORIENTED_EDGE('',*,*,#819,.F.);
#1998 = CYLINDRICAL_SURFACE('',#1999,2.);
#1999 = AXIS2_PLACEMENT_3D('',#2000,#2001,#2002);
#2000 = CARTESIAN_POINT('',(142.5,51.,-62.75));
#2001 = DIRECTION('',(-1.,0.,0.));
#2002 = DIRECTION('',(0.,0.,-1.));
#2003 = ADVANCED_FACE('',(#2004),#2021,.F.);
#2004 = FACE_BOUND('',#2005,.F.);
#2005 = EDGE_LOOP('',(#2006,#2007,#2019,#2020));
#2006 = ORIENTED_EDGE('',*,*,#1991,.T.);
#2007 = ORIENTED_EDGE('',*,*,#2008,.T.);
#2008 = EDGE_CURVE('',#1247,#1155,#2009,.T.);
#2009 = ( BOUNDED_CURVE() B_SPLINE_CURVE(8,(#2010,#2011,#2012,#2013,
    #2014,#2015,#2016,#2017,#2018),.UNSPECIFIED.,.F.,.F.) 
B_SPLINE_CURVE_WITH_KNOTS((9,9),(134.,137.),.PIECEWISE_BEZIER_KNOTS.) 
CURVE() GEOMETRIC_REPRESENTATION_ITEM() RATIONAL_B_SPLINE_CURVE((1.,1.,
1.,1.,1.,1.,1.,1.,1.)) REPRESENTATION_ITEM('') );
#2010 = CARTESIAN_POINT('',(8.5,53.,-62.75));
#2011 = CARTESIAN_POINT('',(8.125,53.,-63.03125));
#2012 = CARTESIAN_POINT('',(7.75,53.,-63.18721394436));
#2013 = CARTESIAN_POINT('',(7.375,53.,-63.28555129892));
#2014 = CARTESIAN_POINT('',(7.,53.,-63.30762031743));
#2015 = CARTESIAN_POINT('',(6.625,53.,-63.28555129892));
#2016 = CARTESIAN_POINT('',(6.25,53.,-63.18721394436));
#2017 = CARTESIAN_POINT('',(5.875,53.,-63.03125));
#2018 = CARTESIAN_POINT('',(5.5,53.,-62.75));
#2019 = ORIENTED_EDGE('',*,*,#1492,.F.);
#2020 = ORIENTED_EDGE('',*,*,#805,.F.);
#2021 = ( BOUNDED_SURFACE() B_SPLINE_SURFACE(2,8,(
    (#2022,#2023,#2024,#2025,#2026,#2027,#2028,#2029,#2030)
    ,(#2031,#2032,#2033,#2034,#2035,#2036,#2037,#2038,#2039)
    ,(#2040,#2041,#2042,#2043,#2044,#2045,#2046,#2047,#2048
)),.UNSPECIFIED.,.F.,.F.,.F.) B_SPLINE_SURFACE_WITH_KNOTS((3,3),(9,9),(
    0.,3.),(134.,137.),.PIECEWISE_BEZIER_KNOTS.) 
GEOMETRIC_REPRESENTATION_ITEM() RATIONAL_B_SPLINE_SURFACE((
    (1.,1.,1.,1.,1.,1.,1.,1.,1.)
    ,(0.707106781187,0.756825226739,0.780447808055,0.796783085523
      ,0.79881823653,0.796783085523,0.780447808055,0.756825226739
      ,0.707106781187)
,(1.,1.,1.,1.,1.,1.,1.,1.,1.))) REPRESENTATION_ITEM('') SURFACE() );
#2022 = CARTESIAN_POINT('',(8.5,51.,-64.75));
#2023 = CARTESIAN_POINT('',(8.125,51.,-64.75));
#2024 = CARTESIAN_POINT('',(7.75,51.044872017982,-64.75));
#2025 = CARTESIAN_POINT('',(7.375,51.067606005495,-64.75));
#2026 = CARTESIAN_POINT('',(7.,51.088206170482,-64.75));
#2027 = CARTESIAN_POINT('',(6.625,51.067606005495,-64.75));
#2028 = CARTESIAN_POINT('',(6.25,51.044872017982,-64.75));
#2029 = CARTESIAN_POINT('',(5.875,51.,-64.75));
#2030 = CARTESIAN_POINT('',(5.5,51.,-64.75));
#2031 = CARTESIAN_POINT('',(8.5,53.,-64.75));
#2032 = CARTESIAN_POINT('',(8.149635036496,52.737226277372,-64.75));
#2033 = CARTESIAN_POINT('',(7.766506029987,52.644635909813,-64.75));
#2034 = CARTESIAN_POINT('',(7.387200975726,52.589500898295,-64.75));
#2035 = CARTESIAN_POINT('',(7.,52.588023662736,-64.75));
#2036 = CARTESIAN_POINT('',(6.612799024274,52.589500898295,-64.75));
#2037 = CARTESIAN_POINT('',(6.233493970013,52.644635909813,-64.75));
#2038 = CARTESIAN_POINT('',(5.850364963504,52.737226277372,-64.75));
#2039 = CARTESIAN_POINT('',(5.5,53.,-64.75));
#2040 = CARTESIAN_POINT('',(8.5,53.,-62.75));
#2041 = CARTESIAN_POINT('',(8.125,53.,-63.03125));
#2042 = CARTESIAN_POINT('',(7.75,53.,-63.18721394436));
#2043 = CARTESIAN_POINT('',(7.375,53.,-63.28555129892));
#2044 = CARTESIAN_POINT('',(7.,53.,-63.30762031743));
#2045 = CARTESIAN_POINT('',(6.625,53.,-63.28555129892));
#2046 = CARTESIAN_POINT('',(6.25,53.,-63.18721394436));
#2047 = CARTESIAN_POINT('',(5.875,53.,-63.03125));
#2048 = CARTESIAN_POINT('',(5.5,53.,-62.75));
#2049 = ADVANCED_FACE('',(#2050),#2055,.T.);
#2050 = FACE_BOUND('',#2051,.F.);
#2051 = EDGE_LOOP('',(#2052,#2053,#2054));
#2052 = ORIENTED_EDGE('',*,*,#1907,.F.);
#2053 = ORIENTED_EDGE('',*,*,#857,.T.);
#2054 = ORIENTED_EDGE('',*,*,#989,.F.);
#2055 = SPHERICAL_SURFACE('',#2056,2.);
#2056 = AXIS2_PLACEMENT_3D('',#2057,#2058,#2059);
#2057 = CARTESIAN_POINT('',(140.5,51.,-62.75));
#2058 = DIRECTION('',(0.,0.,1.));
#2059 = DIRECTION('',(0.,1.,0.));
#2060 = ADVANCED_FACE('',(#2061,#2072),#2075,.T.);
#2061 = FACE_BOUND('',#2062,.T.);
#2062 = EDGE_LOOP('',(#2063));
#2063 = ORIENTED_EDGE('',*,*,#2064,.T.);
#2064 = EDGE_CURVE('',#2065,#2065,#2067,.T.);
#2065 = VERTEX_POINT('',#2066);
#2066 = CARTESIAN_POINT('',(4.5,43.,-60.75));
#2067 = CIRCLE('',#2068,2.5);
#2068 = AXIS2_PLACEMENT_3D('',#2069,#2070,#2071);
#2069 = CARTESIAN_POINT('',(7.,43.,-60.75));
#2070 = DIRECTION('',(0.,1.,-0.));
#2071 = DIRECTION('',(-1.,0.,0.));
#2072 = FACE_BOUND('',#2073,.T.);
#2073 = EDGE_LOOP('',(#2074));
#2074 = ORIENTED_EDGE('',*,*,#883,.T.);
#2075 = PLANE('',#2076);
#2076 = AXIS2_PLACEMENT_3D('',#2077,#2078,#2079);
#2077 = CARTESIAN_POINT('',(-7.66E-15,43.,1.375));
#2078 = DIRECTION('',(0.,1.,-2.3E-16));
#2079 = DIRECTION('',(0.,2.3E-16,1.));
#2080 = ADVANCED_FACE('',(#2081,#2092),#2095,.T.);
#2081 = FACE_BOUND('',#2082,.T.);
#2082 = EDGE_LOOP('',(#2083));
#2083 = ORIENTED_EDGE('',*,*,#2084,.T.);
#2084 = EDGE_CURVE('',#2085,#2085,#2087,.T.);
#2085 = VERTEX_POINT('',#2086);
#2086 = CARTESIAN_POINT('',(136.,43.,-60.75));
#2087 = CIRCLE('',#2088,2.5);
#2088 = AXIS2_PLACEMENT_3D('',#2089,#2090,#2091);
#2089 = CARTESIAN_POINT('',(138.5,43.,-60.75));
#2090 = DIRECTION('',(0.,1.,-0.));
#2091 = DIRECTION('',(-1.,0.,0.));
#2092 = FACE_BOUND('',#2093,.T.);
#2093 = EDGE_LOOP('',(#2094));
#2094 = ORIENTED_EDGE('',*,*,#908,.T.);
#2095 = PLANE('',#2096);
#2096 = AXIS2_PLACEMENT_3D('',#2097,#2098,#2099);
#2097 = CARTESIAN_POINT('',(-7.66E-15,43.,1.375));
#2098 = DIRECTION('',(0.,1.,-2.3E-16));
#2099 = DIRECTION('',(0.,2.3E-16,1.));
#2100 = ADVANCED_FACE('',(#2101,#2112),#2115,.T.);
#2101 = FACE_BOUND('',#2102,.T.);
#2102 = EDGE_LOOP('',(#2103));
#2103 = ORIENTED_EDGE('',*,*,#2104,.T.);
#2104 = EDGE_CURVE('',#2105,#2105,#2107,.T.);
#2105 = VERTEX_POINT('',#2106);
#2106 = CARTESIAN_POINT('',(4.5,43.,63.5));
#2107 = CIRCLE('',#2108,2.5);
#2108 = AXIS2_PLACEMENT_3D('',#2109,#2110,#2111);
#2109 = CARTESIAN_POINT('',(7.,43.,63.5));
#2110 = DIRECTION('',(0.,1.,-0.));
#2111 = DIRECTION('',(-1.,0.,0.));
#2112 = FACE_BOUND('',#2113,.T.);
#2113 = EDGE_LOOP('',(#2114));
#2114 = ORIENTED_EDGE('',*,*,#933,.T.);
#2115 = PLANE('',#2116);
#2116 = AXIS2_PLACEMENT_3D('',#2117,#2118,#2119);
#2117 = CARTESIAN_POINT('',(-7.66E-15,43.,1.375));
#2118 = DIRECTION('',(0.,1.,-2.3E-16));
#2119 = DIRECTION('',(0.,2.3E-16,1.));
#2120 = ADVANCED_FACE('',(#2121,#2132),#2135,.T.);
#2121 = FACE_BOUND('',#2122,.T.);
#2122 = EDGE_LOOP('',(#2123));
#2123 = ORIENTED_EDGE('',*,*,#2124,.T.);
#2124 = EDGE_CURVE('',#2125,#2125,#2127,.T.);
#2125 = VERTEX_POINT('',#2126);
#2126 = CARTESIAN_POINT('',(136.,43.,63.5));
#2127 = CIRCLE('',#2128,2.5);
#2128 = AXIS2_PLACEMENT_3D('',#2129,#2130,#2131);
#2129 = CARTESIAN_POINT('',(138.5,43.,63.5));
#2130 = DIRECTION('',(0.,1.,-0.));
#2131 = DIRECTION('',(-1.,0.,0.));
#2132 = FACE_BOUND('',#2133,.T.);
#2133 = EDGE_LOOP('',(#2134));
#2134 = ORIENTED_EDGE('',*,*,#958,.T.);
#2135 = PLANE('',#2136);
#2136 = AXIS2_PLACEMENT_3D('',#2137,#2138,#2139);
#2137 = CARTESIAN_POINT('',(-7.66E-15,43.,1.375));
#2138 = DIRECTION('',(0.,1.,-2.3E-16));
#2139 = DIRECTION('',(0.,2.3E-16,1.));
#2140 = ADVANCED_FACE('',(#2141),#2152,.T.);
#2141 = FACE_BOUND('',#2142,.T.);
#2142 = EDGE_LOOP('',(#2143,#2150,#2151));
#2143 = ORIENTED_EDGE('',*,*,#2144,.F.);
#2144 = EDGE_CURVE('',#974,#1915,#2145,.T.);
#2145 = CIRCLE('',#2146,2.5);
#2146 = AXIS2_PLACEMENT_3D('',#2147,#2148,#2149);
#2147 = CARTESIAN_POINT('',(138.5,53.,-60.75));
#2148 = DIRECTION('',(0.,1.,-0.));
#2149 = DIRECTION('',(-1.,0.,0.));
#2150 = ORIENTED_EDGE('',*,*,#981,.T.);
#2151 = ORIENTED_EDGE('',*,*,#1914,.T.);
#2152 = PLANE('',#2153);
#2153 = AXIS2_PLACEMENT_3D('',#2154,#2155,#2156);
#2154 = CARTESIAN_POINT('',(5.93E-15,53.,5.406728045326));
#2155 = DIRECTION('',(0.,1.,3.4E-16));
#2156 = DIRECTION('',(0.,-3.4E-16,1.));
#2157 = ADVANCED_FACE('',(#2158),#2173,.F.);
#2158 = FACE_BOUND('',#2159,.F.);
#2159 = EDGE_LOOP('',(#2160,#2161,#2167,#2168,#2169,#2170,#2171,#2172));
#2160 = ORIENTED_EDGE('',*,*,#1228,.F.);
#2161 = ORIENTED_EDGE('',*,*,#2162,.T.);
#2162 = EDGE_CURVE('',#1229,#2085,#2163,.T.);
#2163 = LINE('',#2164,#2165);
#2164 = CARTESIAN_POINT('',(136.,53.,-60.75));
#2165 = VECTOR('',#2166,1.);
#2166 = DIRECTION('',(0.,-1.,2.2E-16));
#2167 = ORIENTED_EDGE('',*,*,#2084,.T.);
#2168 = ORIENTED_EDGE('',*,*,#2162,.F.);
#2169 = ORIENTED_EDGE('',*,*,#1237,.F.);
#2170 = ORIENTED_EDGE('',*,*,#1939,.F.);
#2171 = ORIENTED_EDGE('',*,*,#2144,.F.);
#2172 = ORIENTED_EDGE('',*,*,#1039,.F.);
#2173 = CYLINDRICAL_SURFACE('',#2174,2.5);
#2174 = AXIS2_PLACEMENT_3D('',#2175,#2176,#2177);
#2175 = CARTESIAN_POINT('',(138.5,53.,-60.75));
#2176 = DIRECTION('',(0.,1.,-2.2E-16));
#2177 = DIRECTION('',(-1.,0.,0.));
#2178 = ADVANCED_FACE('',(#2179),#2192,.F.);
#2179 = FACE_BOUND('',#2180,.F.);
#2180 = EDGE_LOOP('',(#2181,#2182,#2188,#2189,#2190,#2191));
#2181 = ORIENTED_EDGE('',*,*,#1211,.F.);
#2182 = ORIENTED_EDGE('',*,*,#2183,.T.);
#2183 = EDGE_CURVE('',#1212,#2125,#2184,.T.);
#2184 = LINE('',#2185,#2186);
#2185 = CARTESIAN_POINT('',(136.,53.,63.5));
#2186 = VECTOR('',#2187,1.);
#2187 = DIRECTION('',(0.,-1.,2.2E-16));
#2188 = ORIENTED_EDGE('',*,*,#2124,.T.);
#2189 = ORIENTED_EDGE('',*,*,#2183,.F.);
#2190 = ORIENTED_EDGE('',*,*,#1220,.F.);
#2191 = ORIENTED_EDGE('',*,*,#1085,.F.);
#2192 = CYLINDRICAL_SURFACE('',#2193,2.5);
#2193 = AXIS2_PLACEMENT_3D('',#2194,#2195,#2196);
#2194 = CARTESIAN_POINT('',(138.5,53.,63.5));
#2195 = DIRECTION('',(0.,1.,-2.2E-16));
#2196 = DIRECTION('',(-1.,0.,0.));
#2197 = ADVANCED_FACE('',(#2198),#2211,.F.);
#2198 = FACE_BOUND('',#2199,.F.);
#2199 = EDGE_LOOP('',(#2200,#2201,#2207,#2208,#2209,#2210));
#2200 = ORIENTED_EDGE('',*,*,#1254,.F.);
#2201 = ORIENTED_EDGE('',*,*,#2202,.T.);
#2202 = EDGE_CURVE('',#1255,#2065,#2203,.T.);
#2203 = LINE('',#2204,#2205);
#2204 = CARTESIAN_POINT('',(4.5,53.,-60.75));
#2205 = VECTOR('',#2206,1.);
#2206 = DIRECTION('',(0.,-1.,2.2E-16));
#2207 = ORIENTED_EDGE('',*,*,#2064,.T.);
#2208 = ORIENTED_EDGE('',*,*,#2202,.F.);
#2209 = ORIENTED_EDGE('',*,*,#1263,.F.);
#2210 = ORIENTED_EDGE('',*,*,#2008,.F.);
#2211 = CYLINDRICAL_SURFACE('',#2212,2.5);
#2212 = AXIS2_PLACEMENT_3D('',#2213,#2214,#2215);
#2213 = CARTESIAN_POINT('',(7.,53.,-60.75));
#2214 = DIRECTION('',(0.,1.,-2.2E-16));
#2215 = DIRECTION('',(-1.,0.,0.));
#2216 = ADVANCED_FACE('',(#2217,#2223),#2234,.T.);
#2217 = FACE_BOUND('',#2218,.T.);
#2218 = EDGE_LOOP('',(#2219,#2220,#2221,#2222));
#2219 = ORIENTED_EDGE('',*,*,#1433,.T.);
#2220 = ORIENTED_EDGE('',*,*,#1457,.T.);
#2221 = ORIENTED_EDGE('',*,*,#1195,.T.);
#2222 = ORIENTED_EDGE('',*,*,#1409,.T.);
#2223 = FACE_BOUND('',#2224,.F.);
#2224 = EDGE_LOOP('',(#2225));
#2225 = ORIENTED_EDGE('',*,*,#2226,.T.);
#2226 = EDGE_CURVE('',#2227,#2227,#2229,.T.);
#2227 = VERTEX_POINT('',#2228);
#2228 = CARTESIAN_POINT('',(117.,51.5,73.5));
#2229 = CIRCLE('',#2230,1.5);
#2230 = AXIS2_PLACEMENT_3D('',#2231,#2232,#2233);
#2231 = CARTESIAN_POINT('',(117.,50.,73.5));
#2232 = DIRECTION('',(0.,-0.,1.));
#2233 = DIRECTION('',(0.,1.,0.));
#2234 = PLANE('',#2235);
#2235 = AXIS2_PLACEMENT_3D('',#2236,#2237,#2238);
#2236 = CARTESIAN_POINT('',(7.142E-14,50.,73.5));
#2237 = DIRECTION('',(0.,0.,1.));
#2238 = DIRECTION('',(1.,0.,0.));
#2239 = ADVANCED_FACE('',(#2240,#2246),#2257,.T.);
#2240 = FACE_BOUND('',#2241,.T.);
#2241 = EDGE_LOOP('',(#2242,#2243,#2244,#2245));
#2242 = ORIENTED_EDGE('',*,*,#1368,.T.);
#2243 = ORIENTED_EDGE('',*,*,#1392,.T.);
#2244 = ORIENTED_EDGE('',*,*,#1172,.T.);
#2245 = ORIENTED_EDGE('',*,*,#1344,.T.);
#2246 = FACE_BOUND('',#2247,.F.);
#2247 = EDGE_LOOP('',(#2248));
#2248 = ORIENTED_EDGE('',*,*,#2249,.T.);
#2249 = EDGE_CURVE('',#2250,#2250,#2252,.T.);
#2250 = VERTEX_POINT('',#2251);
#2251 = CARTESIAN_POINT('',(70.,51.5,73.5));
#2252 = CIRCLE('',#2253,1.5);
#2253 = AXIS2_PLACEMENT_3D('',#2254,#2255,#2256);
#2254 = CARTESIAN_POINT('',(70.,50.,73.5));
#2255 = DIRECTION('',(0.,-0.,1.));
#2256 = DIRECTION('',(0.,1.,0.));
#2257 = PLANE('',#2258);
#2258 = AXIS2_PLACEMENT_3D('',#2259,#2260,#2261);
#2259 = CARTESIAN_POINT('',(7.142E-14,50.,73.5));
#2260 = DIRECTION('',(0.,0.,1.));
#2261 = DIRECTION('',(1.,0.,0.));
#2262 = ADVANCED_FACE('',(#2263),#2274,.F.);
#2263 = FACE_BOUND('',#2264,.F.);
#2264 = EDGE_LOOP('',(#2265,#2266,#2272,#2273));
#2265 = ORIENTED_EDGE('',*,*,#1543,.F.);
#2266 = ORIENTED_EDGE('',*,*,#2267,.T.);
#2267 = EDGE_CURVE('',#1544,#1273,#2268,.T.);
#2268 = LINE('',#2269,#2270);
#2269 = CARTESIAN_POINT('',(99.5,0.,-8.5));
#2270 = VECTOR('',#2271,1.);
#2271 = DIRECTION('',(0.,1.,-2.2E-16));
#2272 = ORIENTED_EDGE('',*,*,#1272,.T.);
#2273 = ORIENTED_EDGE('',*,*,#2267,.F.);
#2274 = CYLINDRICAL_SURFACE('',#2275,1.);
#2275 = AXIS2_PLACEMENT_3D('',#2276,#2277,#2278);
#2276 = CARTESIAN_POINT('',(98.5,0.,-8.5));
#2277 = DIRECTION('',(0.,-1.,2.2E-16));
#2278 = DIRECTION('',(1.,0.,0.));
#2279 = ADVANCED_FACE('',(#2280),#2291,.F.);
#2280 = FACE_BOUND('',#2281,.F.);
#2281 = EDGE_LOOP('',(#2282,#2283,#2289,#2290));
#2282 = ORIENTED_EDGE('',*,*,#1554,.F.);
#2283 = ORIENTED_EDGE('',*,*,#2284,.T.);
#2284 = EDGE_CURVE('',#1555,#1284,#2285,.T.);
#2285 = LINE('',#2286,#2287);
#2286 = CARTESIAN_POINT('',(131.5,0.,-8.5));
#2287 = VECTOR('',#2288,1.);
#2288 = DIRECTION('',(0.,1.,-2.2E-16));
#2289 = ORIENTED_EDGE('',*,*,#1283,.T.);
#2290 = ORIENTED_EDGE('',*,*,#2284,.F.);
#2291 = CYLINDRICAL_SURFACE('',#2292,1.);
#2292 = AXIS2_PLACEMENT_3D('',#2293,#2294,#2295);
#2293 = CARTESIAN_POINT('',(130.5,0.,-8.5));
#2294 = DIRECTION('',(0.,-1.,2.2E-16));
#2295 = DIRECTION('',(1.,0.,0.));
#2296 = ADVANCED_FACE('',(#2297),#2308,.F.);
#2297 = FACE_BOUND('',#2298,.F.);
#2298 = EDGE_LOOP('',(#2299,#2300,#2306,#2307));
#2299 = ORIENTED_EDGE('',*,*,#1576,.F.);
#2300 = ORIENTED_EDGE('',*,*,#2301,.T.);
#2301 = EDGE_CURVE('',#1577,#1295,#2302,.T.);
#2302 = LINE('',#2303,#2304);
#2303 = CARTESIAN_POINT('',(99.5,7.105427357601E-15,23.5));
#2304 = VECTOR('',#2305,1.);
#2305 = DIRECTION('',(0.,1.,-2.2E-16));
#2306 = ORIENTED_EDGE('',*,*,#1294,.T.);
#2307 = ORIENTED_EDGE('',*,*,#2301,.F.);
#2308 = CYLINDRICAL_SURFACE('',#2309,1.);
#2309 = AXIS2_PLACEMENT_3D('',#2310,#2311,#2312);
#2310 = CARTESIAN_POINT('',(98.5,7.105427357601E-15,23.5));
#2311 = DIRECTION('',(0.,-1.,2.2E-16));
#2312 = DIRECTION('',(1.,0.,0.));
#2313 = ADVANCED_FACE('',(#2314),#2325,.F.);
#2314 = FACE_BOUND('',#2315,.F.);
#2315 = EDGE_LOOP('',(#2316,#2317,#2323,#2324));
#2316 = ORIENTED_EDGE('',*,*,#1565,.F.);
#2317 = ORIENTED_EDGE('',*,*,#2318,.T.);
#2318 = EDGE_CURVE('',#1566,#1306,#2319,.T.);
#2319 = LINE('',#2320,#2321);
#2320 = CARTESIAN_POINT('',(134.,0.,7.5));
#2321 = VECTOR('',#2322,1.);
#2322 = DIRECTION('',(0.,1.,-2.2E-16));
#2323 = ORIENTED_EDGE('',*,*,#1305,.T.);
#2324 = ORIENTED_EDGE('',*,*,#2318,.F.);
#2325 = CYLINDRICAL_SURFACE('',#2326,19.5);
#2326 = AXIS2_PLACEMENT_3D('',#2327,#2328,#2329);
#2327 = CARTESIAN_POINT('',(114.5,0.,7.5));
#2328 = DIRECTION('',(0.,-1.,2.2E-16));
#2329 = DIRECTION('',(1.,0.,0.));
#2330 = ADVANCED_FACE('',(#2331),#2342,.F.);
#2331 = FACE_BOUND('',#2332,.F.);
#2332 = EDGE_LOOP('',(#2333,#2334,#2340,#2341));
#2333 = ORIENTED_EDGE('',*,*,#1587,.F.);
#2334 = ORIENTED_EDGE('',*,*,#2335,.T.);
#2335 = EDGE_CURVE('',#1588,#1317,#2336,.T.);
#2336 = LINE('',#2337,#2338);
#2337 = CARTESIAN_POINT('',(131.5,7.105427357601E-15,23.5));
#2338 = VECTOR('',#2339,1.);
#2339 = DIRECTION('',(0.,1.,-2.2E-16));
#2340 = ORIENTED_EDGE('',*,*,#1316,.T.);
#2341 = ORIENTED_EDGE('',*,*,#2335,.F.);
#2342 = CYLINDRICAL_SURFACE('',#2343,1.);
#2343 = AXIS2_PLACEMENT_3D('',#2344,#2345,#2346);
#2344 = CARTESIAN_POINT('',(130.5,7.105427357601E-15,23.5));
#2345 = DIRECTION('',(0.,-1.,2.2E-16));
#2346 = DIRECTION('',(1.,0.,0.));
#2347 = ADVANCED_FACE('',(#2348),#2359,.F.);
#2348 = FACE_BOUND('',#2349,.F.);
#2349 = EDGE_LOOP('',(#2350,#2356,#2357,#2358));
#2350 = ORIENTED_EDGE('',*,*,#2351,.T.);
#2351 = EDGE_CURVE('',#1328,#2105,#2352,.T.);
#2352 = LINE('',#2353,#2354);
#2353 = CARTESIAN_POINT('',(4.5,53.,63.5));
#2354 = VECTOR('',#2355,1.);
#2355 = DIRECTION('',(0.,-1.,2.2E-16));
#2356 = ORIENTED_EDGE('',*,*,#2104,.T.);
#2357 = ORIENTED_EDGE('',*,*,#2351,.F.);
#2358 = ORIENTED_EDGE('',*,*,#1327,.F.);
#2359 = CYLINDRICAL_SURFACE('',#2360,2.5);
#2360 = AXIS2_PLACEMENT_3D('',#2361,#2362,#2363);
#2361 = CARTESIAN_POINT('',(7.,53.,63.5));
#2362 = DIRECTION('',(0.,1.,-2.2E-16));
#2363 = DIRECTION('',(-1.,0.,0.));
#2364 = ADVANCED_FACE('',(#2365),#2371,.F.);
#2365 = FACE_BOUND('',#2366,.F.);
#2366 = EDGE_LOOP('',(#2367,#2368,#2369,#2370));
#2367 = ORIENTED_EDGE('',*,*,#1743,.T.);
#2368 = ORIENTED_EDGE('',*,*,#1630,.T.);
#2369 = ORIENTED_EDGE('',*,*,#1605,.F.);
#2370 = ORIENTED_EDGE('',*,*,#1523,.F.);
#2371 = PLANE('',#2372);
#2372 = AXIS2_PLACEMENT_3D('',#2373,#2374,#2375);
#2373 = CARTESIAN_POINT('',(29.5,49.,-40.));
#2374 = DIRECTION('',(1.,0.,0.));
#2375 = DIRECTION('',(0.,2.2E-16,1.));
#2376 = ADVANCED_FACE('',(#2377),#2383,.T.);
#2377 = FACE_BOUND('',#2378,.T.);
#2378 = EDGE_LOOP('',(#2379,#2380,#2381,#2382));
#2379 = ORIENTED_EDGE('',*,*,#1726,.T.);
#2380 = ORIENTED_EDGE('',*,*,#1653,.T.);
#2381 = ORIENTED_EDGE('',*,*,#1683,.F.);
#2382 = ORIENTED_EDGE('',*,*,#1701,.F.);
#2383 = PLANE('',#2384);
#2384 = AXIS2_PLACEMENT_3D('',#2385,#2386,#2387);
#2385 = CARTESIAN_POINT('',(28.5,49.,-39.));
#2386 = DIRECTION('',(1.,0.,0.));
#2387 = DIRECTION('',(0.,2.2E-16,1.));
#2388 = ADVANCED_FACE('',(#2389),#2392,.F.);
#2389 = FACE_BOUND('',#2390,.F.);
#2390 = EDGE_LOOP('',(#2391));
#2391 = ORIENTED_EDGE('',*,*,#1757,.T.);
#2392 = PLANE('',#2393);
#2393 = AXIS2_PLACEMENT_3D('',#2394,#2395,#2396);
#2394 = CARTESIAN_POINT('',(10.,47.833333333338,1.374999999997));
#2395 = DIRECTION('',(1.,0.,0.));
#2396 = DIRECTION('',(0.,0.,1.));
#2397 = ADVANCED_FACE('',(#2398),#2401,.F.);
#2398 = FACE_BOUND('',#2399,.F.);
#2399 = EDGE_LOOP('',(#2400));
#2400 = ORIENTED_EDGE('',*,*,#1782,.T.);
#2401 = PLANE('',#2402);
#2402 = AXIS2_PLACEMENT_3D('',#2403,#2404,#2405);
#2403 = CARTESIAN_POINT('',(10.,47.833333333338,1.374999999997));
#2404 = DIRECTION('',(1.,0.,0.));
#2405 = DIRECTION('',(0.,0.,1.));
#2406 = ADVANCED_FACE('',(#2407),#2410,.F.);
#2407 = FACE_BOUND('',#2408,.F.);
#2408 = EDGE_LOOP('',(#2409));
#2409 = ORIENTED_EDGE('',*,*,#1807,.T.);
#2410 = PLANE('',#2411);
#2411 = AXIS2_PLACEMENT_3D('',#2412,#2413,#2414);
#2412 = CARTESIAN_POINT('',(10.,47.833333333338,1.374999999997));
#2413 = DIRECTION('',(1.,0.,0.));
#2414 = DIRECTION('',(0.,0.,1.));
#2415 = ADVANCED_FACE('',(#2416),#2419,.F.);
#2416 = FACE_BOUND('',#2417,.F.);
#2417 = EDGE_LOOP('',(#2418));
#2418 = ORIENTED_EDGE('',*,*,#1832,.T.);
#2419 = PLANE('',#2420);
#2420 = AXIS2_PLACEMENT_3D('',#2421,#2422,#2423);
#2421 = CARTESIAN_POINT('',(10.,47.833333333338,1.374999999997));
#2422 = DIRECTION('',(1.,0.,0.));
#2423 = DIRECTION('',(0.,0.,1.));
#2424 = ADVANCED_FACE('',(#2425),#2428,.F.);
#2425 = FACE_BOUND('',#2426,.F.);
#2426 = EDGE_LOOP('',(#2427));
#2427 = ORIENTED_EDGE('',*,*,#1857,.T.);
#2428 = PLANE('',#2429);
#2429 = AXIS2_PLACEMENT_3D('',#2430,#2431,#2432);
#2430 = CARTESIAN_POINT('',(10.,47.833333333338,1.374999999997));
#2431 = DIRECTION('',(1.,0.,0.));
#2432 = DIRECTION('',(0.,0.,1.));
#2433 = ADVANCED_FACE('',(#2434),#2437,.F.);
#2434 = FACE_BOUND('',#2435,.F.);
#2435 = EDGE_LOOP('',(#2436));
#2436 = ORIENTED_EDGE('',*,*,#1882,.T.);
#2437 = PLANE('',#2438);
#2438 = AXIS2_PLACEMENT_3D('',#2439,#2440,#2441);
#2439 = CARTESIAN_POINT('',(10.,47.833333333338,1.374999999997));
#2440 = DIRECTION('',(1.,0.,0.));
#2441 = DIRECTION('',(0.,0.,1.));
#2442 = ADVANCED_FACE('',(#2443),#2462,.F.);
#2443 = FACE_BOUND('',#2444,.F.);
#2444 = EDGE_LOOP('',(#2445,#2453,#2454,#2455));
#2445 = ORIENTED_EDGE('',*,*,#2446,.F.);
#2446 = EDGE_CURVE('',#2227,#2447,#2449,.T.);
#2447 = VERTEX_POINT('',#2448);
#2448 = CARTESIAN_POINT('',(117.,51.5,67.5));
#2449 = LINE('',#2450,#2451);
#2450 = CARTESIAN_POINT('',(117.,51.5,73.5));
#2451 = VECTOR('',#2452,1.);
#2452 = DIRECTION('',(-0.,-0.,-1.));
#2453 = ORIENTED_EDGE('',*,*,#2226,.F.);
#2454 = ORIENTED_EDGE('',*,*,#2446,.T.);
#2455 = ORIENTED_EDGE('',*,*,#2456,.T.);
#2456 = EDGE_CURVE('',#2447,#2447,#2457,.T.);
#2457 = CIRCLE('',#2458,1.5);
#2458 = AXIS2_PLACEMENT_3D('',#2459,#2460,#2461);
#2459 = CARTESIAN_POINT('',(117.,50.,67.5));
#2460 = DIRECTION('',(0.,-0.,1.));
#2461 = DIRECTION('',(2.2E-16,1.,0.));
#2462 = CYLINDRICAL_SURFACE('',#2463,1.5);
#2463 = AXIS2_PLACEMENT_3D('',#2464,#2465,#2466);
#2464 = CARTESIAN_POINT('',(117.,50.,73.5));
#2465 = DIRECTION('',(0.,0.,1.));
#2466 = DIRECTION('',(2.2E-16,1.,0.));
#2467 = ADVANCED_FACE('',(#2468),#2487,.F.);
#2468 = FACE_BOUND('',#2469,.F.);
#2469 = EDGE_LOOP('',(#2470,#2478,#2479,#2480));
#2470 = ORIENTED_EDGE('',*,*,#2471,.F.);
#2471 = EDGE_CURVE('',#2250,#2472,#2474,.T.);
#2472 = VERTEX_POINT('',#2473);
#2473 = CARTESIAN_POINT('',(70.,51.5,67.5));
#2474 = LINE('',#2475,#2476);
#2475 = CARTESIAN_POINT('',(70.,51.5,73.5));
#2476 = VECTOR('',#2477,1.);
#2477 = DIRECTION('',(-0.,-0.,-1.));
#2478 = ORIENTED_EDGE('',*,*,#2249,.F.);
#2479 = ORIENTED_EDGE('',*,*,#2471,.T.);
#2480 = ORIENTED_EDGE('',*,*,#2481,.T.);
#2481 = EDGE_CURVE('',#2472,#2472,#2482,.T.);
#2482 = CIRCLE('',#2483,1.5);
#2483 = AXIS2_PLACEMENT_3D('',#2484,#2485,#2486);
#2484 = CARTESIAN_POINT('',(70.,50.,67.5));
#2485 = DIRECTION('',(0.,-0.,1.));
#2486 = DIRECTION('',(2.2E-16,1.,0.));
#2487 = CYLINDRICAL_SURFACE('',#2488,1.5);
#2488 = AXIS2_PLACEMENT_3D('',#2489,#2490,#2491);
#2489 = CARTESIAN_POINT('',(70.,50.,73.5));
#2490 = DIRECTION('',(0.,0.,1.));
#2491 = DIRECTION('',(2.2E-16,1.,0.));
#2492 = ADVANCED_FACE('',(#2493),#2496,.T.);
#2493 = FACE_BOUND('',#2494,.T.);
#2494 = EDGE_LOOP('',(#2495));
#2495 = ORIENTED_EDGE('',*,*,#2456,.T.);
#2496 = PLANE('',#2497);
#2497 = AXIS2_PLACEMENT_3D('',#2498,#2499,#2500);
#2498 = CARTESIAN_POINT('',(0.,46.,67.5));
#2499 = DIRECTION('',(0.,-1.E-15,1.));
#2500 = DIRECTION('',(0.,1.,1.E-15));
#2501 = ADVANCED_FACE('',(#2502),#2505,.T.);
#2502 = FACE_BOUND('',#2503,.T.);
#2503 = EDGE_LOOP('',(#2504));
#2504 = ORIENTED_EDGE('',*,*,#2481,.T.);
#2505 = PLANE('',#2506);
#2506 = AXIS2_PLACEMENT_3D('',#2507,#2508,#2509);
#2507 = CARTESIAN_POINT('',(0.,46.,67.5));
#2508 = DIRECTION('',(0.,-1.E-15,1.));
#2509 = DIRECTION('',(0.,1.,1.E-15));
#2510 = ( GEOMETRIC_REPRESENTATION_CONTEXT(3) 
GLOBAL_UNCERTAINTY_ASSIGNED_CONTEXT((#2514)) 
GLOBAL_UNIT_ASSIGNED_CONTEXT((#2511,#2512,#2513)) REPRESENTATION_CONTEXT
('Context #1','3D Context with UNIT and UNCERTAINTY') );
#2511 = ( LENGTH_UNIT() NAMED_UNIT(*) SI_UNIT(.MILLI.,.METRE.) );
#2512 = ( NAMED_UNIT(*) PLANE_ANGLE_UNIT() SI_UNIT($,.RADIAN.) );
#2513 = ( NAMED_UNIT(*) SI_UNIT($,.STERADIAN.) SOLID_ANGLE_UNIT() );
#2514 = UNCERTAINTY_MEASURE_WITH_UNIT(LENGTH_MEASURE(5.E-05),#2511,
  'distance_accuracy_value','confusion accuracy');
#2515 = PRODUCT_RELATED_PRODUCT_CATEGORY('part',$,(#7));
#2516 = MECHANICAL_DESIGN_GEOMETRIC_PRESENTATION_REPRESENTATION('',(
    #2517),#2510);
#2517 = STYLED_ITEM('color',(#2518),#15);
#2518 = PRESENTATION_STYLE_ASSIGNMENT((#2519,#2525));
#2519 = SURFACE_STYLE_USAGE(.BOTH.,#2520);
#2520 = SURFACE_SIDE_STYLE('',(#2521));
#2521 = SURFACE_STYLE_FILL_AREA(#2522);
#2522 = FILL_AREA_STYLE('',(#2523));
#2523 = FILL_AREA_STYLE_COLOUR('',#2524);
#2524 = COLOUR_RGB('',0.678431390124,0.709803936702,0.741176476869);
#2525 = CURVE_STYLE('',#2526,POSITIVE_LENGTH_MEASURE(0.1),#2527);
#2526 = DRAUGHTING_PRE_DEFINED_CURVE_FONT('continuous');
#2527 = COLOUR_RGB('',9.803921802644E-02,9.803921802644E-02,
  9.803921802644E-02);
ENDSEC;
END-ISO-10303-21;
