ISO-10303-21;
HEADER;
FILE_DESCRIPTION(('FreeCAD Model'),'2;1');
FILE_NAME('Open CASCADE Shape Model','2026-03-27T13:37:32',(''),(''),
  'Open CASCADE STEP processor 7.8','FreeCAD','Unknown');
FILE_SCHEMA(('AUTOMOTIVE_DESIGN { 1 0 10303 214 1 1 1 1 }'));
ENDSEC;
DATA;
#1 = APPLICATION_PROTOCOL_DEFINITION('international standard',
  'automotive_design',2000,#2);
#2 = APPLICATION_CONTEXT(
  'core data for automotive mechanical design processes');
#3 = SHAPE_DEFINITION_REPRESENTATION(#4,#10);
#4 = PRODUCT_DEFINITION_SHAPE('','',#5);
#5 = PRODUCT_DEFINITION('design','',#6,#9);
#6 = PRODUCT_DEFINITION_FORMATION('','',#7);
#7 = PRODUCT('MultipartCutPocket001','MultipartCutPocket001','',(#8));
#8 = PRODUCT_CONTEXT('',#2,'mechanical');
#9 = PRODUCT_DEFINITION_CONTEXT('part definition',#2,'design');
#10 = ADVANCED_BREP_SHAPE_REPRESENTATION('',(#11,#15),#2606);
#11 = AXIS2_PLACEMENT_3D('',#12,#13,#14);
#12 = CARTESIAN_POINT('',(0.,0.,0.));
#13 = DIRECTION('',(0.,0.,1.));
#14 = DIRECTION('',(1.,0.,-0.));
#15 = MANIFOLD_SOLID_BREP('',#16);
#16 = CLOSED_SHELL('',(#17,#192,#307,#399,#424,#492,#671,#695,#719,#743,
    #768,#792,#817,#852,#876,#893,#918,#943,#968,#993,#1017,#1198,#1222,
    #1246,#1263,#1287,#1311,#1328,#1345,#1378,#1427,#1476,#1523,#1571,
    #1583,#1600,#1618,#1669,#1687,#1740,#1757,#1853,#1877,#1924,#1948,
    #1972,#1989,#2006,#2031,#2056,#2081,#2106,#2131,#2156,#2176,#2196,
    #2216,#2236,#2255,#2282,#2301,#2324,#2347,#2364,#2381,#2398,#2415,
    #2432,#2449,#2460,#2472,#2484,#2493,#2502,#2511,#2520,#2529,#2538,
    #2563,#2588,#2597));
#17 = ADVANCED_FACE('',(#18,#143,#154,#165,#176),#187,.F.);
#18 = FACE_BOUND('',#19,.F.);
#19 = EDGE_LOOP('',(#20,#30,#38,#46,#54,#62,#71,#79,#88,#96,#104,#112,
    #120,#128,#137));
#20 = ORIENTED_EDGE('',*,*,#21,.T.);
#21 = EDGE_CURVE('',#22,#24,#26,.T.);
#22 = VERTEX_POINT('',#23);
#23 = CARTESIAN_POINT('',(-142.5,39.,67.5));
#24 = VERTEX_POINT('',#25);
#25 = CARTESIAN_POINT('',(0.,39.,67.5));
#26 = LINE('',#27,#28);
#27 = CARTESIAN_POINT('',(-142.5,39.,67.5));
#28 = VECTOR('',#29,1.);
#29 = DIRECTION('',(1.,0.,0.));
#30 = ORIENTED_EDGE('',*,*,#31,.F.);
#31 = EDGE_CURVE('',#32,#24,#34,.T.);
#32 = VERTEX_POINT('',#33);
#33 = CARTESIAN_POINT('',(0.,39.,55.5));
#34 = LINE('',#35,#36);
#35 = CARTESIAN_POINT('',(-1.122561178239E-49,39.,45.830387001802));
#36 = VECTOR('',#37,1.);
#37 = DIRECTION('',(-1.448131807616E-51,2.2E-16,1.));
#38 = ORIENTED_EDGE('',*,*,#39,.T.);
#39 = EDGE_CURVE('',#32,#40,#42,.T.);
#40 = VERTEX_POINT('',#41);
#41 = CARTESIAN_POINT('',(-15.,39.,55.5));
#42 = LINE('',#43,#44);
#43 = CARTESIAN_POINT('',(15.,39.,55.5));
#44 = VECTOR('',#45,1.);
#45 = DIRECTION('',(-1.,0.,0.));
#46 = ORIENTED_EDGE('',*,*,#47,.T.);
#47 = EDGE_CURVE('',#40,#48,#50,.T.);
#48 = VERTEX_POINT('',#49);
#49 = CARTESIAN_POINT('',(-15.,39.,63.5));
#50 = LINE('',#51,#52);
#51 = CARTESIAN_POINT('',(-15.,39.,59.5));
#52 = VECTOR('',#53,1.);
#53 = DIRECTION('',(0.,2.2E-16,1.));
#54 = ORIENTED_EDGE('',*,*,#55,.T.);
#55 = EDGE_CURVE('',#48,#56,#58,.T.);
#56 = VERTEX_POINT('',#57);
#57 = CARTESIAN_POINT('',(-134.5,39.,63.499999999995));
#58 = LINE('',#59,#60);
#59 = CARTESIAN_POINT('',(-15.,39.,63.5));
#60 = VECTOR('',#61,1.);
#61 = DIRECTION('',(-1.,0.,-3.794E-14));
#62 = ORIENTED_EDGE('',*,*,#63,.T.);
#63 = EDGE_CURVE('',#56,#64,#66,.T.);
#64 = VERTEX_POINT('',#65);
#65 = CARTESIAN_POINT('',(-138.4999999999,39.,59.500000000002));
#66 = CIRCLE('',#67,3.999995420695);
#67 = AXIS2_PLACEMENT_3D('',#68,#69,#70);
#68 = CARTESIAN_POINT('',(-138.4999954206,39.,63.499995420695));
#69 = DIRECTION('',(0.,1.,-0.));
#70 = DIRECTION('',(-1.,0.,0.));
#71 = ORIENTED_EDGE('',*,*,#72,.T.);
#72 = EDGE_CURVE('',#64,#73,#75,.T.);
#73 = VERTEX_POINT('',#74);
#74 = CARTESIAN_POINT('',(-138.4999999999,39.,-56.75));
#75 = LINE('',#76,#77);
#76 = CARTESIAN_POINT('',(-138.4999999999,39.,59.500000000002));
#77 = VECTOR('',#78,1.);
#78 = DIRECTION('',(-2.689E-14,0.,-1.));
#79 = ORIENTED_EDGE('',*,*,#80,.T.);
#80 = EDGE_CURVE('',#73,#81,#83,.T.);
#81 = VERTEX_POINT('',#82);
#82 = CARTESIAN_POINT('',(-134.5,39.,-60.74999999999));
#83 = CIRCLE('',#84,4.000003198856);
#84 = AXIS2_PLACEMENT_3D('',#85,#86,#87);
#85 = CARTESIAN_POINT('',(-138.5000031988,39.,-60.75000319885));
#86 = DIRECTION('',(0.,1.,-0.));
#87 = DIRECTION('',(-1.,0.,0.));
#88 = ORIENTED_EDGE('',*,*,#89,.T.);
#89 = EDGE_CURVE('',#81,#90,#92,.T.);
#90 = VERTEX_POINT('',#91);
#91 = CARTESIAN_POINT('',(-15.,39.,-60.75));
#92 = LINE('',#93,#94);
#93 = CARTESIAN_POINT('',(-134.5,39.,-60.74999999999));
#94 = VECTOR('',#95,1.);
#95 = DIRECTION('',(1.,0.,-1.148E-14));
#96 = ORIENTED_EDGE('',*,*,#97,.F.);
#97 = EDGE_CURVE('',#98,#90,#100,.T.);
#98 = VERTEX_POINT('',#99);
#99 = CARTESIAN_POINT('',(-15.,39.,-52.75));
#100 = LINE('',#101,#102);
#101 = CARTESIAN_POINT('',(-15.,39.,-52.75));
#102 = VECTOR('',#103,1.);
#103 = DIRECTION('',(0.,-2.2E-16,-1.));
#104 = ORIENTED_EDGE('',*,*,#105,.F.);
#105 = EDGE_CURVE('',#106,#98,#108,.T.);
#106 = VERTEX_POINT('',#107);
#107 = CARTESIAN_POINT('',(0.,39.,-52.75));
#108 = LINE('',#109,#110);
#109 = CARTESIAN_POINT('',(15.,39.,-52.75));
#110 = VECTOR('',#111,1.);
#111 = DIRECTION('',(-1.,0.,0.));
#112 = ORIENTED_EDGE('',*,*,#113,.F.);
#113 = EDGE_CURVE('',#114,#106,#116,.T.);
#114 = VERTEX_POINT('',#115);
#115 = CARTESIAN_POINT('',(0.,39.,-64.75));
#116 = LINE('',#117,#118);
#117 = CARTESIAN_POINT('',(-1.122561178239E-49,39.,45.830387001802));
#118 = VECTOR('',#119,1.);
#119 = DIRECTION('',(-1.448131807616E-51,2.2E-16,1.));
#120 = ORIENTED_EDGE('',*,*,#121,.T.);
#121 = EDGE_CURVE('',#114,#122,#124,.T.);
#122 = VERTEX_POINT('',#123);
#123 = CARTESIAN_POINT('',(-140.5,39.,-64.75));
#124 = LINE('',#125,#126);
#125 = CARTESIAN_POINT('',(142.5,39.,-64.75));
#126 = VECTOR('',#127,1.);
#127 = DIRECTION('',(-1.,0.,0.));
#128 = ORIENTED_EDGE('',*,*,#129,.T.);
#129 = EDGE_CURVE('',#122,#130,#132,.T.);
#130 = VERTEX_POINT('',#131);
#131 = CARTESIAN_POINT('',(-142.5,39.,-62.75));
#132 = CIRCLE('',#133,2.);
#133 = AXIS2_PLACEMENT_3D('',#134,#135,#136);
#134 = CARTESIAN_POINT('',(-140.5,39.,-62.75));
#135 = DIRECTION('',(0.,1.,-2.2E-16));
#136 = DIRECTION('',(0.,2.2E-16,1.));
#137 = ORIENTED_EDGE('',*,*,#138,.T.);
#138 = EDGE_CURVE('',#130,#22,#139,.T.);
#139 = LINE('',#140,#141);
#140 = CARTESIAN_POINT('',(-142.5,39.,-64.75));
#141 = VECTOR('',#142,1.);
#142 = DIRECTION('',(0.,0.,1.));
#143 = FACE_BOUND('',#144,.F.);
#144 = EDGE_LOOP('',(#145));
#145 = ORIENTED_EDGE('',*,*,#146,.T.);
#146 = EDGE_CURVE('',#147,#147,#149,.T.);
#147 = VERTEX_POINT('',#148);
#148 = CARTESIAN_POINT('',(-137.5,39.,-60.75));
#149 = CIRCLE('',#150,1.);
#150 = AXIS2_PLACEMENT_3D('',#151,#152,#153);
#151 = CARTESIAN_POINT('',(-138.5,39.,-60.75));
#152 = DIRECTION('',(0.,-1.,2.2E-16));
#153 = DIRECTION('',(1.,0.,0.));
#154 = FACE_BOUND('',#155,.F.);
#155 = EDGE_LOOP('',(#156));
#156 = ORIENTED_EDGE('',*,*,#157,.T.);
#157 = EDGE_CURVE('',#158,#158,#160,.T.);
#158 = VERTEX_POINT('',#159);
#159 = CARTESIAN_POINT('',(-6.,39.,-60.75));
#160 = CIRCLE('',#161,1.);
#161 = AXIS2_PLACEMENT_3D('',#162,#163,#164);
#162 = CARTESIAN_POINT('',(-7.,39.,-60.75));
#163 = DIRECTION('',(0.,-1.,2.2E-16));
#164 = DIRECTION('',(1.,0.,0.));
#165 = FACE_BOUND('',#166,.F.);
#166 = EDGE_LOOP('',(#167));
#167 = ORIENTED_EDGE('',*,*,#168,.T.);
#168 = EDGE_CURVE('',#169,#169,#171,.T.);
#169 = VERTEX_POINT('',#170);
#170 = CARTESIAN_POINT('',(-137.5,39.,63.5));
#171 = CIRCLE('',#172,1.);
#172 = AXIS2_PLACEMENT_3D('',#173,#174,#175);
#173 = CARTESIAN_POINT('',(-138.5,39.,63.5));
#174 = DIRECTION('',(0.,-1.,2.2E-16));
#175 = DIRECTION('',(1.,0.,0.));
#176 = FACE_BOUND('',#177,.F.);
#177 = EDGE_LOOP('',(#178));
#178 = ORIENTED_EDGE('',*,*,#179,.T.);
#179 = EDGE_CURVE('',#180,#180,#182,.T.);
#180 = VERTEX_POINT('',#181);
#181 = CARTESIAN_POINT('',(-6.,39.,63.5));
#182 = CIRCLE('',#183,1.);
#183 = AXIS2_PLACEMENT_3D('',#184,#185,#186);
#184 = CARTESIAN_POINT('',(-7.,39.,63.5));
#185 = DIRECTION('',(0.,-1.,2.2E-16));
#186 = DIRECTION('',(1.,0.,0.));
#187 = PLANE('',#188);
#188 = AXIS2_PLACEMENT_3D('',#189,#190,#191);
#189 = CARTESIAN_POINT('',(-8.749631572E-08,39.,1.375000003605));
#190 = DIRECTION('',(0.,1.,-2.2E-16));
#191 = DIRECTION('',(0.,2.2E-16,1.));
#192 = ADVANCED_FACE('',(#193,#291),#302,.T.);
#193 = FACE_BOUND('',#194,.T.);
#194 = EDGE_LOOP('',(#195,#206,#212,#213,#221,#229,#237,#245,#253,#261,
    #269,#277,#285));
#195 = ORIENTED_EDGE('',*,*,#196,.F.);
#196 = EDGE_CURVE('',#197,#199,#201,.T.);
#197 = VERTEX_POINT('',#198);
#198 = CARTESIAN_POINT('',(-142.5,51.,67.5));
#199 = VERTEX_POINT('',#200);
#200 = CARTESIAN_POINT('',(-140.5,53.,67.5));
#201 = CIRCLE('',#202,2.);
#202 = AXIS2_PLACEMENT_3D('',#203,#204,#205);
#203 = CARTESIAN_POINT('',(-140.5,51.,67.5));
#204 = DIRECTION('',(-0.,-0.,-1.));
#205 = DIRECTION('',(0.,-1.,0.));
#206 = ORIENTED_EDGE('',*,*,#207,.F.);
#207 = EDGE_CURVE('',#22,#197,#208,.T.);
#208 = LINE('',#209,#210);
#209 = CARTESIAN_POINT('',(-142.5,49.,67.5));
#210 = VECTOR('',#211,1.);
#211 = DIRECTION('',(0.,1.,-2.2E-16));
#212 = ORIENTED_EDGE('',*,*,#21,.T.);
#213 = ORIENTED_EDGE('',*,*,#214,.F.);
#214 = EDGE_CURVE('',#215,#24,#217,.T.);
#215 = VERTEX_POINT('',#216);
#216 = CARTESIAN_POINT('',(0.,53.,67.5));
#217 = LINE('',#218,#219);
#218 = CARTESIAN_POINT('',(-1.915154315572E-49,23.,67.5));
#219 = VECTOR('',#220,1.);
#220 = DIRECTION('',(1.769681662717E-66,-1.,-1.E-15));
#221 = ORIENTED_EDGE('',*,*,#222,.F.);
#222 = EDGE_CURVE('',#223,#215,#225,.T.);
#223 = VERTEX_POINT('',#224);
#224 = CARTESIAN_POINT('',(-65.,53.,67.5));
#225 = LINE('',#226,#227);
#226 = CARTESIAN_POINT('',(-142.5,53.,67.5));
#227 = VECTOR('',#228,1.);
#228 = DIRECTION('',(1.,0.,0.));
#229 = ORIENTED_EDGE('',*,*,#230,.T.);
#230 = EDGE_CURVE('',#223,#231,#233,.T.);
#231 = VERTEX_POINT('',#232);
#232 = CARTESIAN_POINT('',(-65.,47.,67.5));
#233 = LINE('',#234,#235);
#234 = CARTESIAN_POINT('',(-65.,46.5,67.5));
#235 = VECTOR('',#236,1.);
#236 = DIRECTION('',(-2.2E-16,-1.,-1.E-15));
#237 = ORIENTED_EDGE('',*,*,#238,.T.);
#238 = EDGE_CURVE('',#231,#239,#241,.T.);
#239 = VERTEX_POINT('',#240);
#240 = CARTESIAN_POINT('',(-75.,47.,67.5));
#241 = LINE('',#242,#243);
#242 = CARTESIAN_POINT('',(-37.5,47.,67.5));
#243 = VECTOR('',#244,1.);
#244 = DIRECTION('',(-1.,2.2E-16,0.));
#245 = ORIENTED_EDGE('',*,*,#246,.T.);
#246 = EDGE_CURVE('',#239,#247,#249,.T.);
#247 = VERTEX_POINT('',#248);
#248 = CARTESIAN_POINT('',(-75.,53.,67.5));
#249 = LINE('',#250,#251);
#250 = CARTESIAN_POINT('',(-75.,49.5,67.5));
#251 = VECTOR('',#252,1.);
#252 = DIRECTION('',(2.2E-16,1.,1.E-15));
#253 = ORIENTED_EDGE('',*,*,#254,.F.);
#254 = EDGE_CURVE('',#255,#247,#257,.T.);
#255 = VERTEX_POINT('',#256);
#256 = CARTESIAN_POINT('',(-112.,53.,67.5));
#257 = LINE('',#258,#259);
#258 = CARTESIAN_POINT('',(-142.5,53.,67.5));
#259 = VECTOR('',#260,1.);
#260 = DIRECTION('',(1.,0.,0.));
#261 = ORIENTED_EDGE('',*,*,#262,.T.);
#262 = EDGE_CURVE('',#255,#263,#265,.T.);
#263 = VERTEX_POINT('',#264);
#264 = CARTESIAN_POINT('',(-112.,47.,67.5));
#265 = LINE('',#266,#267);
#266 = CARTESIAN_POINT('',(-112.,46.5,67.5));
#267 = VECTOR('',#268,1.);
#268 = DIRECTION('',(-2.2E-16,-1.,-1.E-15));
#269 = ORIENTED_EDGE('',*,*,#270,.T.);
#270 = EDGE_CURVE('',#263,#271,#273,.T.);
#271 = VERTEX_POINT('',#272);
#272 = CARTESIAN_POINT('',(-122.,47.,67.5));
#273 = LINE('',#274,#275);
#274 = CARTESIAN_POINT('',(-61.,47.,67.5));
#275 = VECTOR('',#276,1.);
#276 = DIRECTION('',(-1.,2.2E-16,0.));
#277 = ORIENTED_EDGE('',*,*,#278,.T.);
#278 = EDGE_CURVE('',#271,#279,#281,.T.);
#279 = VERTEX_POINT('',#280);
#280 = CARTESIAN_POINT('',(-122.,53.,67.5));
#281 = LINE('',#282,#283);
#282 = CARTESIAN_POINT('',(-122.,49.5,67.5));
#283 = VECTOR('',#284,1.);
#284 = DIRECTION('',(2.2E-16,1.,1.E-15));
#285 = ORIENTED_EDGE('',*,*,#286,.F.);
#286 = EDGE_CURVE('',#199,#279,#287,.T.);
#287 = LINE('',#288,#289);
#288 = CARTESIAN_POINT('',(-142.5,53.,67.5));
#289 = VECTOR('',#290,1.);
#290 = DIRECTION('',(1.,0.,0.));
#291 = FACE_BOUND('',#292,.T.);
#292 = EDGE_LOOP('',(#293));
#293 = ORIENTED_EDGE('',*,*,#294,.F.);
#294 = EDGE_CURVE('',#295,#295,#297,.T.);
#295 = VERTEX_POINT('',#296);
#296 = CARTESIAN_POINT('',(-48.5,46.,67.5));
#297 = CIRCLE('',#298,1.5);
#298 = AXIS2_PLACEMENT_3D('',#299,#300,#301);
#299 = CARTESIAN_POINT('',(-50.,46.,67.5));
#300 = DIRECTION('',(0.,-1.E-15,1.));
#301 = DIRECTION('',(1.,0.,0.));
#302 = PLANE('',#303);
#303 = AXIS2_PLACEMENT_3D('',#304,#305,#306);
#304 = CARTESIAN_POINT('',(0.,46.,67.5));
#305 = DIRECTION('',(0.,-1.E-15,1.));
#306 = DIRECTION('',(0.,1.,1.E-15));
#307 = ADVANCED_FACE('',(#308),#394,.T.);
#308 = FACE_BOUND('',#309,.T.);
#309 = EDGE_LOOP('',(#310,#311,#312,#320,#333,#346,#354,#367,#380,#388)
  );
#310 = ORIENTED_EDGE('',*,*,#138,.T.);
#311 = ORIENTED_EDGE('',*,*,#207,.T.);
#312 = ORIENTED_EDGE('',*,*,#313,.F.);
#313 = EDGE_CURVE('',#314,#197,#316,.T.);
#314 = VERTEX_POINT('',#315);
#315 = CARTESIAN_POINT('',(-142.5,51.,65.));
#316 = LINE('',#317,#318);
#317 = CARTESIAN_POINT('',(-142.5,51.,-64.75));
#318 = VECTOR('',#319,1.);
#319 = DIRECTION('',(0.,0.,1.));
#320 = ORIENTED_EDGE('',*,*,#321,.F.);
#321 = EDGE_CURVE('',#322,#314,#324,.T.);
#322 = VERTEX_POINT('',#323);
#323 = CARTESIAN_POINT('',(-142.5,51.063508326896,63.5));
#324 = ( BOUNDED_CURVE() B_SPLINE_CURVE(7,(#325,#326,#327,#328,#329,#330
,#331,#332),.UNSPECIFIED.,.F.,.F.) B_SPLINE_CURVE_WITH_KNOTS((8,8),(
128.25,129.75),.PIECEWISE_BEZIER_KNOTS.) CURVE() 
GEOMETRIC_REPRESENTATION_ITEM() RATIONAL_B_SPLINE_CURVE((1.,1.,1.,1.,1.,
1.,1.,1.)) REPRESENTATION_ITEM('') );
#325 = CARTESIAN_POINT('',(-142.5,51.063508326896,63.5));
#326 = CARTESIAN_POINT('',(-142.5,51.063508326896,63.714285714286));
#327 = CARTESIAN_POINT('',(-142.5,51.057945802173,63.928571428572));
#328 = CARTESIAN_POINT('',(-142.5,51.047027571629,64.142857142857));
#329 = CARTESIAN_POINT('',(-142.5,51.031366932219,64.357142857143));
#330 = CARTESIAN_POINT('',(-142.5,51.015012690191,64.571428571429));
#331 = CARTESIAN_POINT('',(-142.5,51.,64.785714285714));
#332 = CARTESIAN_POINT('',(-142.5,51.,65.));
#333 = ORIENTED_EDGE('',*,*,#334,.F.);
#334 = EDGE_CURVE('',#335,#322,#337,.T.);
#335 = VERTEX_POINT('',#336);
#336 = CARTESIAN_POINT('',(-142.5,51.,62.));
#337 = ( BOUNDED_CURVE() B_SPLINE_CURVE(7,(#338,#339,#340,#341,#342,#343
,#344,#345),.UNSPECIFIED.,.F.,.F.) B_SPLINE_CURVE_WITH_KNOTS((8,8),(
126.75,128.25),.PIECEWISE_BEZIER_KNOTS.) CURVE() 
GEOMETRIC_REPRESENTATION_ITEM() RATIONAL_B_SPLINE_CURVE((1.,1.,1.,1.,1.,
1.,1.,1.)) REPRESENTATION_ITEM('') );
#338 = CARTESIAN_POINT('',(-142.5,51.,62.));
#339 = CARTESIAN_POINT('',(-142.5,51.,62.214285714286));
#340 = CARTESIAN_POINT('',(-142.5,51.015012690191,62.428571428571));
#341 = CARTESIAN_POINT('',(-142.5,51.031366932219,62.642857142857));
#342 = CARTESIAN_POINT('',(-142.5,51.047027571629,62.857142857143));
#343 = CARTESIAN_POINT('',(-142.5,51.057945802173,63.071428571429));
#344 = CARTESIAN_POINT('',(-142.5,51.063508326896,63.285714285714));
#345 = CARTESIAN_POINT('',(-142.5,51.063508326896,63.5));
#346 = ORIENTED_EDGE('',*,*,#347,.F.);
#347 = EDGE_CURVE('',#348,#335,#350,.T.);
#348 = VERTEX_POINT('',#349);
#349 = CARTESIAN_POINT('',(-142.5,51.,-59.25));
#350 = LINE('',#351,#352);
#351 = CARTESIAN_POINT('',(-142.5,51.,-64.75));
#352 = VECTOR('',#353,1.);
#353 = DIRECTION('',(0.,0.,1.));
#354 = ORIENTED_EDGE('',*,*,#355,.F.);
#355 = EDGE_CURVE('',#356,#348,#358,.T.);
#356 = VERTEX_POINT('',#357);
#357 = CARTESIAN_POINT('',(-142.5,51.063508326896,-60.75));
#358 = ( BOUNDED_CURVE() B_SPLINE_CURVE(7,(#359,#360,#361,#362,#363,#364
,#365,#366),.UNSPECIFIED.,.F.,.F.) B_SPLINE_CURVE_WITH_KNOTS((8,8),(4.,
5.5),.PIECEWISE_BEZIER_KNOTS.) CURVE() GEOMETRIC_REPRESENTATION_ITEM() 
RATIONAL_B_SPLINE_CURVE((1.,1.,1.,1.,1.,1.,1.,1.)) REPRESENTATION_ITEM(
  '') );
#359 = CARTESIAN_POINT('',(-142.5,51.063508326896,-60.75));
#360 = CARTESIAN_POINT('',(-142.5,51.063508326896,-60.53571428571));
#361 = CARTESIAN_POINT('',(-142.5,51.057945802173,-60.32142857142));
#362 = CARTESIAN_POINT('',(-142.5,51.047027571629,-60.10714285714));
#363 = CARTESIAN_POINT('',(-142.5,51.031366932219,-59.89285714285));
#364 = CARTESIAN_POINT('',(-142.5,51.015012690191,-59.67857142857));
#365 = CARTESIAN_POINT('',(-142.5,51.,-59.46428571428));
#366 = CARTESIAN_POINT('',(-142.5,51.,-59.25));
#367 = ORIENTED_EDGE('',*,*,#368,.F.);
#368 = EDGE_CURVE('',#369,#356,#371,.T.);
#369 = VERTEX_POINT('',#370);
#370 = CARTESIAN_POINT('',(-142.5,51.,-62.25));
#371 = ( BOUNDED_CURVE() B_SPLINE_CURVE(7,(#372,#373,#374,#375,#376,#377
,#378,#379),.UNSPECIFIED.,.F.,.F.) B_SPLINE_CURVE_WITH_KNOTS((8,8),(2.5,
4.),.PIECEWISE_BEZIER_KNOTS.) CURVE() GEOMETRIC_REPRESENTATION_ITEM() 
RATIONAL_B_SPLINE_CURVE((1.,1.,1.,1.,1.,1.,1.,1.)) REPRESENTATION_ITEM(
  '') );
#372 = CARTESIAN_POINT('',(-142.5,51.,-62.25));
#373 = CARTESIAN_POINT('',(-142.5,51.,-62.03571428571));
#374 = CARTESIAN_POINT('',(-142.5,51.015012690191,-61.82142857142));
#375 = CARTESIAN_POINT('',(-142.5,51.031366932219,-61.60714285714));
#376 = CARTESIAN_POINT('',(-142.5,51.047027571629,-61.39285714285));
#377 = CARTESIAN_POINT('',(-142.5,51.057945802173,-61.17857142857));
#378 = CARTESIAN_POINT('',(-142.5,51.063508326896,-60.96428571428));
#379 = CARTESIAN_POINT('',(-142.5,51.063508326896,-60.75));
#380 = ORIENTED_EDGE('',*,*,#381,.F.);
#381 = EDGE_CURVE('',#382,#369,#384,.T.);
#382 = VERTEX_POINT('',#383);
#383 = CARTESIAN_POINT('',(-142.5,51.,-62.75));
#384 = LINE('',#385,#386);
#385 = CARTESIAN_POINT('',(-142.5,51.,-64.75));
#386 = VECTOR('',#387,1.);
#387 = DIRECTION('',(0.,0.,1.));
#388 = ORIENTED_EDGE('',*,*,#389,.F.);
#389 = EDGE_CURVE('',#130,#382,#390,.T.);
#390 = LINE('',#391,#392);
#391 = CARTESIAN_POINT('',(-142.5,39.,-62.75));
#392 = VECTOR('',#393,1.);
#393 = DIRECTION('',(0.,1.,-2.2E-16));
#394 = PLANE('',#395);
#395 = AXIS2_PLACEMENT_3D('',#396,#397,#398);
#396 = CARTESIAN_POINT('',(-142.5,46.,1.375));
#397 = DIRECTION('',(-1.,-0.,-0.));
#398 = DIRECTION('',(0.,0.,-1.));
#399 = ADVANCED_FACE('',(#400),#419,.T.);
#400 = FACE_BOUND('',#401,.T.);
#401 = EDGE_LOOP('',(#402,#403,#404,#413));
#402 = ORIENTED_EDGE('',*,*,#129,.T.);
#403 = ORIENTED_EDGE('',*,*,#389,.T.);
#404 = ORIENTED_EDGE('',*,*,#405,.T.);
#405 = EDGE_CURVE('',#382,#406,#408,.T.);
#406 = VERTEX_POINT('',#407);
#407 = CARTESIAN_POINT('',(-140.5,51.,-64.75));
#408 = CIRCLE('',#409,2.);
#409 = AXIS2_PLACEMENT_3D('',#410,#411,#412);
#410 = CARTESIAN_POINT('',(-140.5,51.,-62.75));
#411 = DIRECTION('',(0.,-1.,7.044195017644E-15));
#412 = DIRECTION('',(0.,-7.044195017644E-15,-1.));
#413 = ORIENTED_EDGE('',*,*,#414,.F.);
#414 = EDGE_CURVE('',#122,#406,#415,.T.);
#415 = LINE('',#416,#417);
#416 = CARTESIAN_POINT('',(-140.5,39.,-64.75));
#417 = VECTOR('',#418,1.);
#418 = DIRECTION('',(0.,1.,-2.2E-16));
#419 = CYLINDRICAL_SURFACE('',#420,2.);
#420 = AXIS2_PLACEMENT_3D('',#421,#422,#423);
#421 = CARTESIAN_POINT('',(-140.5,39.,-62.75));
#422 = DIRECTION('',(0.,1.,-2.2E-16));
#423 = DIRECTION('',(0.,-2.2E-16,-1.));
#424 = ADVANCED_FACE('',(#425),#487,.T.);
#425 = FACE_BOUND('',#426,.T.);
#426 = EDGE_LOOP('',(#427,#435,#436,#437,#445,#459,#467,#481));
#427 = ORIENTED_EDGE('',*,*,#428,.F.);
#428 = EDGE_CURVE('',#114,#429,#431,.T.);
#429 = VERTEX_POINT('',#430);
#430 = CARTESIAN_POINT('',(0.,51.,-64.75));
#431 = LINE('',#432,#433);
#432 = CARTESIAN_POINT('',(0.,-1.42108547152E-14,-64.75));
#433 = VECTOR('',#434,1.);
#434 = DIRECTION('',(0.,1.,-2.22044604925E-16));
#435 = ORIENTED_EDGE('',*,*,#121,.T.);
#436 = ORIENTED_EDGE('',*,*,#414,.T.);
#437 = ORIENTED_EDGE('',*,*,#438,.F.);
#438 = EDGE_CURVE('',#439,#406,#441,.T.);
#439 = VERTEX_POINT('',#440);
#440 = CARTESIAN_POINT('',(-140.,51.,-64.75));
#441 = LINE('',#442,#443);
#442 = CARTESIAN_POINT('',(142.5,51.,-64.75));
#443 = VECTOR('',#444,1.);
#444 = DIRECTION('',(-1.,0.,0.));
#445 = ORIENTED_EDGE('',*,*,#446,.F.);
#446 = EDGE_CURVE('',#447,#439,#449,.T.);
#447 = VERTEX_POINT('',#448);
#448 = CARTESIAN_POINT('',(-137.,51.,-64.75));
#449 = ( BOUNDED_CURVE() B_SPLINE_CURVE(8,(#450,#451,#452,#453,#454,#455
,#456,#457,#458),.UNSPECIFIED.,.F.,.F.) B_SPLINE_CURVE_WITH_KNOTS((9,9),
(279.5,282.5),.PIECEWISE_BEZIER_KNOTS.) CURVE() 
GEOMETRIC_REPRESENTATION_ITEM() RATIONAL_B_SPLINE_CURVE((1.,1.,1.,1.,1.,
1.,1.,1.,1.)) REPRESENTATION_ITEM('') );
#450 = CARTESIAN_POINT('',(-137.,51.,-64.75));
#451 = CARTESIAN_POINT('',(-137.375,51.,-64.75));
#452 = CARTESIAN_POINT('',(-137.75,51.044872017982,-64.75));
#453 = CARTESIAN_POINT('',(-138.125,51.067606005495,-64.75));
#454 = CARTESIAN_POINT('',(-138.5,51.088206170482,-64.75));
#455 = CARTESIAN_POINT('',(-138.875,51.067606005495,-64.75));
#456 = CARTESIAN_POINT('',(-139.25,51.044872017982,-64.75));
#457 = CARTESIAN_POINT('',(-139.625,51.,-64.75));
#458 = CARTESIAN_POINT('',(-140.,51.,-64.75));
#459 = ORIENTED_EDGE('',*,*,#460,.F.);
#460 = EDGE_CURVE('',#461,#447,#463,.T.);
#461 = VERTEX_POINT('',#462);
#462 = CARTESIAN_POINT('',(-8.5,51.,-64.75));
#463 = LINE('',#464,#465);
#464 = CARTESIAN_POINT('',(142.5,51.,-64.75));
#465 = VECTOR('',#466,1.);
#466 = DIRECTION('',(-1.,0.,0.));
#467 = ORIENTED_EDGE('',*,*,#468,.F.);
#468 = EDGE_CURVE('',#469,#461,#471,.T.);
#469 = VERTEX_POINT('',#470);
#470 = CARTESIAN_POINT('',(-5.5,51.,-64.75));
#471 = ( BOUNDED_CURVE() B_SPLINE_CURVE(8,(#472,#473,#474,#475,#476,#477
,#478,#479,#480),.UNSPECIFIED.,.F.,.F.) B_SPLINE_CURVE_WITH_KNOTS((9,9),
(148.,151.),.PIECEWISE_BEZIER_KNOTS.) CURVE() 
GEOMETRIC_REPRESENTATION_ITEM() RATIONAL_B_SPLINE_CURVE((1.,1.,1.,1.,1.,
1.,1.,1.,1.)) REPRESENTATION_ITEM('') );
#472 = CARTESIAN_POINT('',(-5.5,51.,-64.75));
#473 = CARTESIAN_POINT('',(-5.875,51.,-64.75));
#474 = CARTESIAN_POINT('',(-6.25,51.044872017982,-64.75));
#475 = CARTESIAN_POINT('',(-6.625,51.067606005495,-64.75));
#476 = CARTESIAN_POINT('',(-7.,51.088206170482,-64.75));
#477 = CARTESIAN_POINT('',(-7.375,51.067606005495,-64.75));
#478 = CARTESIAN_POINT('',(-7.75,51.044872017982,-64.75));
#479 = CARTESIAN_POINT('',(-8.125,51.,-64.75));
#480 = CARTESIAN_POINT('',(-8.5,51.,-64.75));
#481 = ORIENTED_EDGE('',*,*,#482,.F.);
#482 = EDGE_CURVE('',#429,#469,#483,.T.);
#483 = LINE('',#484,#485);
#484 = CARTESIAN_POINT('',(142.5,51.,-64.75));
#485 = VECTOR('',#486,1.);
#486 = DIRECTION('',(-1.,0.,0.));
#487 = PLANE('',#488);
#488 = AXIS2_PLACEMENT_3D('',#489,#490,#491);
#489 = CARTESIAN_POINT('',(0.,46.,-64.75));
#490 = DIRECTION('',(-0.,-0.,-1.));
#491 = DIRECTION('',(-1.,0.,0.));
#492 = ADVANCED_FACE('',(#493,#600,#611,#622,#633,#644,#655),#666,.F.);
#493 = FACE_BOUND('',#494,.F.);
#494 = EDGE_LOOP('',(#495,#496,#497,#505,#513,#521,#529,#537,#545,#553,
    #561,#569,#577,#583,#584,#585,#593));
#495 = ORIENTED_EDGE('',*,*,#428,.F.);
#496 = ORIENTED_EDGE('',*,*,#113,.T.);
#497 = ORIENTED_EDGE('',*,*,#498,.F.);
#498 = EDGE_CURVE('',#499,#106,#501,.T.);
#499 = VERTEX_POINT('',#500);
#500 = CARTESIAN_POINT('',(0.,49.,-52.75));
#501 = LINE('',#502,#503);
#502 = CARTESIAN_POINT('',(-8.688790845695E-51,19.5,-52.75));
#503 = VECTOR('',#504,1.);
#504 = DIRECTION('',(2.960857425946E-69,-1.,2.2E-16));
#505 = ORIENTED_EDGE('',*,*,#506,.T.);
#506 = EDGE_CURVE('',#499,#507,#509,.T.);
#507 = VERTEX_POINT('',#508);
#508 = CARTESIAN_POINT('',(0.,49.,-40.));
#509 = LINE('',#510,#511);
#510 = CARTESIAN_POINT('',(-1.601349757132E-49,49.,45.830387));
#511 = VECTOR('',#512,1.);
#512 = DIRECTION('',(-1.448131807616E-51,0.,1.));
#513 = ORIENTED_EDGE('',*,*,#514,.T.);
#514 = EDGE_CURVE('',#507,#515,#517,.T.);
#515 = VERTEX_POINT('',#516);
#516 = CARTESIAN_POINT('',(0.,49.2,-40.));
#517 = LINE('',#518,#519);
#518 = CARTESIAN_POINT('',(-1.792063111925E-50,24.5,-40.));
#519 = VECTOR('',#520,1.);
#520 = DIRECTION('',(-2.960857425946E-69,1.,-2.2E-16));
#521 = ORIENTED_EDGE('',*,*,#522,.T.);
#522 = EDGE_CURVE('',#515,#523,#525,.T.);
#523 = VERTEX_POINT('',#524);
#524 = CARTESIAN_POINT('',(0.,49.2,-39.));
#525 = LINE('',#526,#527);
#526 = CARTESIAN_POINT('',(-1.122561178239E-49,49.2,38.892887000002));
#527 = VECTOR('',#528,1.);
#528 = DIRECTION('',(-1.448131807616E-51,0.,1.));
#529 = ORIENTED_EDGE('',*,*,#530,.F.);
#530 = EDGE_CURVE('',#531,#523,#533,.T.);
#531 = VERTEX_POINT('',#532);
#532 = CARTESIAN_POINT('',(0.,49.,-39.));
#533 = LINE('',#534,#535);
#534 = CARTESIAN_POINT('',(-1.864469702305E-50,24.5,-39.));
#535 = VECTOR('',#536,1.);
#536 = DIRECTION('',(-2.960857425946E-69,1.,-2.2E-16));
#537 = ORIENTED_EDGE('',*,*,#538,.T.);
#538 = EDGE_CURVE('',#531,#539,#541,.T.);
#539 = VERTEX_POINT('',#540);
#540 = CARTESIAN_POINT('',(0.,49.,14.000000000016));
#541 = LINE('',#542,#543);
#542 = CARTESIAN_POINT('',(-1.601349757132E-49,49.,45.830387));
#543 = VECTOR('',#544,1.);
#544 = DIRECTION('',(-1.448131807616E-51,0.,1.));
#545 = ORIENTED_EDGE('',*,*,#546,.F.);
#546 = EDGE_CURVE('',#547,#539,#549,.T.);
#547 = VERTEX_POINT('',#548);
#548 = CARTESIAN_POINT('',(0.,49.2,14.000000000016));
#549 = LINE('',#550,#551);
#550 = CARTESIAN_POINT('',(-5.702018992489E-50,24.5,14.000000000016));
#551 = VECTOR('',#552,1.);
#552 = DIRECTION('',(2.960857425946E-69,-1.,2.2E-16));
#553 = ORIENTED_EDGE('',*,*,#554,.T.);
#554 = EDGE_CURVE('',#547,#555,#557,.T.);
#555 = VERTEX_POINT('',#556);
#556 = CARTESIAN_POINT('',(0.,49.2,15.));
#557 = LINE('',#558,#559);
#558 = CARTESIAN_POINT('',(-1.122561178239E-49,49.2,38.892887000002));
#559 = VECTOR('',#560,1.);
#560 = DIRECTION('',(-1.448131807616E-51,0.,1.));
#561 = ORIENTED_EDGE('',*,*,#562,.T.);
#562 = EDGE_CURVE('',#555,#563,#565,.T.);
#563 = VERTEX_POINT('',#564);
#564 = CARTESIAN_POINT('',(0.,49.,15.));
#565 = LINE('',#566,#567);
#566 = CARTESIAN_POINT('',(-5.774425582868E-50,24.5,15.));
#567 = VECTOR('',#568,1.);
#568 = DIRECTION('',(2.960857425946E-69,-1.,2.2E-16));
#569 = ORIENTED_EDGE('',*,*,#570,.T.);
#570 = EDGE_CURVE('',#563,#571,#573,.T.);
#571 = VERTEX_POINT('',#572);
#572 = CARTESIAN_POINT('',(0.,49.,55.5));
#573 = LINE('',#574,#575);
#574 = CARTESIAN_POINT('',(-1.601349757132E-49,49.,45.830387));
#575 = VECTOR('',#576,1.);
#576 = DIRECTION('',(-1.448131807616E-51,0.,1.));
#577 = ORIENTED_EDGE('',*,*,#578,.T.);
#578 = EDGE_CURVE('',#571,#32,#579,.T.);
#579 = LINE('',#580,#581);
#580 = CARTESIAN_POINT('',(-8.70689249329E-50,19.5,55.5));
#581 = VECTOR('',#582,1.);
#582 = DIRECTION('',(2.960857425946E-69,-1.,2.2E-16));
#583 = ORIENTED_EDGE('',*,*,#31,.T.);
#584 = ORIENTED_EDGE('',*,*,#214,.F.);
#585 = ORIENTED_EDGE('',*,*,#586,.F.);
#586 = EDGE_CURVE('',#587,#215,#589,.T.);
#587 = VERTEX_POINT('',#588);
#588 = CARTESIAN_POINT('',(0.,53.,-62.75));
#589 = LINE('',#590,#591);
#590 = CARTESIAN_POINT('',(-1.122561178239E-49,53.,47.846251022663));
#591 = VECTOR('',#592,1.);
#592 = DIRECTION('',(-1.448131807616E-51,-3.4E-16,1.));
#593 = ORIENTED_EDGE('',*,*,#594,.T.);
#594 = EDGE_CURVE('',#587,#429,#595,.T.);
#595 = CIRCLE('',#596,2.);
#596 = AXIS2_PLACEMENT_3D('',#597,#598,#599);
#597 = CARTESIAN_POINT('',(0.,51.,-62.75));
#598 = DIRECTION('',(-1.,0.,0.));
#599 = DIRECTION('',(0.,0.,-1.));
#600 = FACE_BOUND('',#601,.F.);
#601 = EDGE_LOOP('',(#602));
#602 = ORIENTED_EDGE('',*,*,#603,.T.);
#603 = EDGE_CURVE('',#604,#604,#606,.T.);
#604 = VERTEX_POINT('',#605);
#605 = CARTESIAN_POINT('',(0.,51.000000000005,58.5));
#606 = CIRCLE('',#607,1.);
#607 = AXIS2_PLACEMENT_3D('',#608,#609,#610);
#608 = CARTESIAN_POINT('',(0.,50.000000000005,58.5));
#609 = DIRECTION('',(1.,0.,0.));
#610 = DIRECTION('',(0.,1.,0.));
#611 = FACE_BOUND('',#612,.F.);
#612 = EDGE_LOOP('',(#613));
#613 = ORIENTED_EDGE('',*,*,#614,.T.);
#614 = EDGE_CURVE('',#615,#615,#617,.T.);
#615 = VERTEX_POINT('',#616);
#616 = CARTESIAN_POINT('',(0.,52.,20.416666666686));
#617 = CIRCLE('',#618,1.);
#618 = AXIS2_PLACEMENT_3D('',#619,#620,#621);
#619 = CARTESIAN_POINT('',(0.,51.,20.416666666686));
#620 = DIRECTION('',(1.,0.,0.));
#621 = DIRECTION('',(0.,1.,0.));
#622 = FACE_BOUND('',#623,.F.);
#623 = EDGE_LOOP('',(#624));
#624 = ORIENTED_EDGE('',*,*,#625,.T.);
#625 = EDGE_CURVE('',#626,#626,#628,.T.);
#626 = VERTEX_POINT('',#627);
#627 = CARTESIAN_POINT('',(0.,52.,-17.66666666665));
#628 = CIRCLE('',#629,1.);
#629 = AXIS2_PLACEMENT_3D('',#630,#631,#632);
#630 = CARTESIAN_POINT('',(0.,51.,-17.66666666665));
#631 = DIRECTION('',(1.,0.,0.));
#632 = DIRECTION('',(0.,1.,0.));
#633 = FACE_BOUND('',#634,.F.);
#634 = EDGE_LOOP('',(#635));
#635 = ORIENTED_EDGE('',*,*,#636,.T.);
#636 = EDGE_CURVE('',#637,#637,#639,.T.);
#637 = VERTEX_POINT('',#638);
#638 = CARTESIAN_POINT('',(0.,52.,-55.75000000002));
#639 = CIRCLE('',#640,1.);
#640 = AXIS2_PLACEMENT_3D('',#641,#642,#643);
#641 = CARTESIAN_POINT('',(0.,51.,-55.75000000002));
#642 = DIRECTION('',(1.,0.,0.));
#643 = DIRECTION('',(0.,1.,0.));
#644 = FACE_BOUND('',#645,.F.);
#645 = EDGE_LOOP('',(#646));
#646 = ORIENTED_EDGE('',*,*,#647,.T.);
#647 = EDGE_CURVE('',#648,#648,#650,.T.);
#648 = VERTEX_POINT('',#649);
#649 = CARTESIAN_POINT('',(0.,43.,58.5));
#650 = CIRCLE('',#651,1.);
#651 = AXIS2_PLACEMENT_3D('',#652,#653,#654);
#652 = CARTESIAN_POINT('',(0.,42.,58.5));
#653 = DIRECTION('',(1.,0.,0.));
#654 = DIRECTION('',(0.,1.,0.));
#655 = FACE_BOUND('',#656,.F.);
#656 = EDGE_LOOP('',(#657));
#657 = ORIENTED_EDGE('',*,*,#658,.T.);
#658 = EDGE_CURVE('',#659,#659,#661,.T.);
#659 = VERTEX_POINT('',#660);
#660 = CARTESIAN_POINT('',(0.,43.000000000025,-55.75000000002));
#661 = CIRCLE('',#662,1.);
#662 = AXIS2_PLACEMENT_3D('',#663,#664,#665);
#663 = CARTESIAN_POINT('',(0.,42.000000000025,-55.75000000002));
#664 = DIRECTION('',(1.,0.,0.));
#665 = DIRECTION('',(0.,1.,0.));
#666 = PLANE('',#667);
#667 = AXIS2_PLACEMENT_3D('',#668,#669,#670);
#668 = CARTESIAN_POINT('',(-2.245122356477E-49,2.13162820728E-14,
    90.285774));
#669 = DIRECTION('',(-1.,-3.215498551014E-67,-1.448131807616E-51));
#670 = DIRECTION('',(1.448131807616E-51,-2.22044604925E-16,-1.));
#671 = ADVANCED_FACE('',(#672),#690,.T.);
#672 = FACE_BOUND('',#673,.T.);
#673 = EDGE_LOOP('',(#674,#675,#676,#684));
#674 = ORIENTED_EDGE('',*,*,#105,.F.);
#675 = ORIENTED_EDGE('',*,*,#498,.F.);
#676 = ORIENTED_EDGE('',*,*,#677,.T.);
#677 = EDGE_CURVE('',#499,#678,#680,.T.);
#678 = VERTEX_POINT('',#679);
#679 = CARTESIAN_POINT('',(-15.,49.,-52.75));
#680 = LINE('',#681,#682);
#681 = CARTESIAN_POINT('',(15.,49.,-52.75));
#682 = VECTOR('',#683,1.);
#683 = DIRECTION('',(-1.,0.,0.));
#684 = ORIENTED_EDGE('',*,*,#685,.F.);
#685 = EDGE_CURVE('',#98,#678,#686,.T.);
#686 = LINE('',#687,#688);
#687 = CARTESIAN_POINT('',(-15.,39.,-52.75));
#688 = VECTOR('',#689,1.);
#689 = DIRECTION('',(0.,1.,-2.2E-16));
#690 = PLANE('',#691);
#691 = AXIS2_PLACEMENT_3D('',#692,#693,#694);
#692 = CARTESIAN_POINT('',(15.,39.,-52.75));
#693 = DIRECTION('',(0.,2.2E-16,1.));
#694 = DIRECTION('',(-1.,0.,0.));
#695 = ADVANCED_FACE('',(#696),#714,.T.);
#696 = FACE_BOUND('',#697,.T.);
#697 = EDGE_LOOP('',(#698,#706,#707,#708));
#698 = ORIENTED_EDGE('',*,*,#699,.F.);
#699 = EDGE_CURVE('',#90,#700,#702,.T.);
#700 = VERTEX_POINT('',#701);
#701 = CARTESIAN_POINT('',(-15.,49.,-60.75));
#702 = LINE('',#703,#704);
#703 = CARTESIAN_POINT('',(-15.,39.,-60.75));
#704 = VECTOR('',#705,1.);
#705 = DIRECTION('',(0.,1.,-2.2E-16));
#706 = ORIENTED_EDGE('',*,*,#97,.F.);
#707 = ORIENTED_EDGE('',*,*,#685,.T.);
#708 = ORIENTED_EDGE('',*,*,#709,.F.);
#709 = EDGE_CURVE('',#700,#678,#710,.T.);
#710 = LINE('',#711,#712);
#711 = CARTESIAN_POINT('',(-15.,49.,-60.75));
#712 = VECTOR('',#713,1.);
#713 = DIRECTION('',(0.,2.2E-16,1.));
#714 = PLANE('',#715);
#715 = AXIS2_PLACEMENT_3D('',#716,#717,#718);
#716 = CARTESIAN_POINT('',(-15.,44.,-56.75));
#717 = DIRECTION('',(-1.,-0.,-0.));
#718 = DIRECTION('',(0.,0.,-1.));
#719 = ADVANCED_FACE('',(#720),#738,.F.);
#720 = FACE_BOUND('',#721,.F.);
#721 = EDGE_LOOP('',(#722,#730,#736,#737));
#722 = ORIENTED_EDGE('',*,*,#723,.T.);
#723 = EDGE_CURVE('',#81,#724,#726,.T.);
#724 = VERTEX_POINT('',#725);
#725 = CARTESIAN_POINT('',(-134.5,49.,-60.74999999999));
#726 = LINE('',#727,#728);
#727 = CARTESIAN_POINT('',(-134.5,39.,-60.74999999999));
#728 = VECTOR('',#729,1.);
#729 = DIRECTION('',(0.,1.,-2.2E-16));
#730 = ORIENTED_EDGE('',*,*,#731,.T.);
#731 = EDGE_CURVE('',#724,#700,#732,.T.);
#732 = LINE('',#733,#734);
#733 = CARTESIAN_POINT('',(-134.5,49.,-60.74999999999));
#734 = VECTOR('',#735,1.);
#735 = DIRECTION('',(1.,0.,-1.148E-14));
#736 = ORIENTED_EDGE('',*,*,#699,.F.);
#737 = ORIENTED_EDGE('',*,*,#89,.F.);
#738 = PLANE('',#739);
#739 = AXIS2_PLACEMENT_3D('',#740,#741,#742);
#740 = CARTESIAN_POINT('',(-134.5,39.,-60.74999999999));
#741 = DIRECTION('',(-1.148E-14,-2.2E-16,-1.));
#742 = DIRECTION('',(1.,0.,-1.148E-14));
#743 = ADVANCED_FACE('',(#744),#763,.T.);
#744 = FACE_BOUND('',#745,.F.);
#745 = EDGE_LOOP('',(#746,#754,#761,#762));
#746 = ORIENTED_EDGE('',*,*,#747,.T.);
#747 = EDGE_CURVE('',#73,#748,#750,.T.);
#748 = VERTEX_POINT('',#749);
#749 = CARTESIAN_POINT('',(-138.4999999999,49.,-56.75));
#750 = LINE('',#751,#752);
#751 = CARTESIAN_POINT('',(-138.4999999999,39.,-56.75));
#752 = VECTOR('',#753,1.);
#753 = DIRECTION('',(0.,1.,-2.2E-16));
#754 = ORIENTED_EDGE('',*,*,#755,.T.);
#755 = EDGE_CURVE('',#748,#724,#756,.T.);
#756 = CIRCLE('',#757,4.000003198856);
#757 = AXIS2_PLACEMENT_3D('',#758,#759,#760);
#758 = CARTESIAN_POINT('',(-138.5000031988,49.,-60.75000319885));
#759 = DIRECTION('',(0.,1.,-0.));
#760 = DIRECTION('',(-1.,0.,0.));
#761 = ORIENTED_EDGE('',*,*,#723,.F.);
#762 = ORIENTED_EDGE('',*,*,#80,.F.);
#763 = CYLINDRICAL_SURFACE('',#764,4.000003198856);
#764 = AXIS2_PLACEMENT_3D('',#765,#766,#767);
#765 = CARTESIAN_POINT('',(-138.5000031988,39.,-60.75000319885));
#766 = DIRECTION('',(0.,-1.,2.2E-16));
#767 = DIRECTION('',(-1.,0.,0.));
#768 = ADVANCED_FACE('',(#769),#787,.F.);
#769 = FACE_BOUND('',#770,.F.);
#770 = EDGE_LOOP('',(#771,#779,#785,#786));
#771 = ORIENTED_EDGE('',*,*,#772,.T.);
#772 = EDGE_CURVE('',#64,#773,#775,.T.);
#773 = VERTEX_POINT('',#774);
#774 = CARTESIAN_POINT('',(-138.4999999999,49.,59.500000000002));
#775 = LINE('',#776,#777);
#776 = CARTESIAN_POINT('',(-138.4999999999,39.,59.500000000002));
#777 = VECTOR('',#778,1.);
#778 = DIRECTION('',(0.,1.,-2.2E-16));
#779 = ORIENTED_EDGE('',*,*,#780,.T.);
#780 = EDGE_CURVE('',#773,#748,#781,.T.);
#781 = LINE('',#782,#783);
#782 = CARTESIAN_POINT('',(-138.4999999999,49.,59.500000000002));
#783 = VECTOR('',#784,1.);
#784 = DIRECTION('',(-2.689E-14,0.,-1.));
#785 = ORIENTED_EDGE('',*,*,#747,.F.);
#786 = ORIENTED_EDGE('',*,*,#72,.F.);
#787 = PLANE('',#788);
#788 = AXIS2_PLACEMENT_3D('',#789,#790,#791);
#789 = CARTESIAN_POINT('',(-138.4999999999,39.,59.500000000002));
#790 = DIRECTION('',(-1.,0.,2.689E-14));
#791 = DIRECTION('',(-2.689E-14,-2.2E-16,-1.));
#792 = ADVANCED_FACE('',(#793),#812,.T.);
#793 = FACE_BOUND('',#794,.F.);
#794 = EDGE_LOOP('',(#795,#803,#810,#811));
#795 = ORIENTED_EDGE('',*,*,#796,.T.);
#796 = EDGE_CURVE('',#56,#797,#799,.T.);
#797 = VERTEX_POINT('',#798);
#798 = CARTESIAN_POINT('',(-134.5,49.,63.499999999995));
#799 = LINE('',#800,#801);
#800 = CARTESIAN_POINT('',(-134.5,39.,63.499999999995));
#801 = VECTOR('',#802,1.);
#802 = DIRECTION('',(0.,1.,-2.2E-16));
#803 = ORIENTED_EDGE('',*,*,#804,.T.);
#804 = EDGE_CURVE('',#797,#773,#805,.T.);
#805 = CIRCLE('',#806,3.999995420695);
#806 = AXIS2_PLACEMENT_3D('',#807,#808,#809);
#807 = CARTESIAN_POINT('',(-138.4999954206,49.,63.499995420695));
#808 = DIRECTION('',(0.,1.,-0.));
#809 = DIRECTION('',(-1.,0.,0.));
#810 = ORIENTED_EDGE('',*,*,#772,.F.);
#811 = ORIENTED_EDGE('',*,*,#63,.F.);
#812 = CYLINDRICAL_SURFACE('',#813,3.999995420695);
#813 = AXIS2_PLACEMENT_3D('',#814,#815,#816);
#814 = CARTESIAN_POINT('',(-138.4999954206,39.,63.499995420695));
#815 = DIRECTION('',(0.,-1.,2.2E-16));
#816 = DIRECTION('',(-1.,0.,0.));
#817 = ADVANCED_FACE('',(#818,#836),#847,.F.);
#818 = FACE_BOUND('',#819,.F.);
#819 = EDGE_LOOP('',(#820,#828,#834,#835));
#820 = ORIENTED_EDGE('',*,*,#821,.T.);
#821 = EDGE_CURVE('',#48,#822,#824,.T.);
#822 = VERTEX_POINT('',#823);
#823 = CARTESIAN_POINT('',(-15.,49.,63.5));
#824 = LINE('',#825,#826);
#825 = CARTESIAN_POINT('',(-15.,39.,63.5));
#826 = VECTOR('',#827,1.);
#827 = DIRECTION('',(0.,1.,-2.2E-16));
#828 = ORIENTED_EDGE('',*,*,#829,.T.);
#829 = EDGE_CURVE('',#822,#797,#830,.T.);
#830 = LINE('',#831,#832);
#831 = CARTESIAN_POINT('',(-15.,49.,63.5));
#832 = VECTOR('',#833,1.);
#833 = DIRECTION('',(-1.,0.,-3.794E-14));
#834 = ORIENTED_EDGE('',*,*,#796,.F.);
#835 = ORIENTED_EDGE('',*,*,#55,.F.);
#836 = FACE_BOUND('',#837,.F.);
#837 = EDGE_LOOP('',(#838));
#838 = ORIENTED_EDGE('',*,*,#839,.F.);
#839 = EDGE_CURVE('',#840,#840,#842,.T.);
#840 = VERTEX_POINT('',#841);
#841 = CARTESIAN_POINT('',(-48.5,46.,63.499999999999));
#842 = CIRCLE('',#843,1.5);
#843 = AXIS2_PLACEMENT_3D('',#844,#845,#846);
#844 = CARTESIAN_POINT('',(-50.,46.,63.499999999999));
#845 = DIRECTION('',(0.,-1.E-15,1.));
#846 = DIRECTION('',(1.,0.,0.));
#847 = PLANE('',#848);
#848 = AXIS2_PLACEMENT_3D('',#849,#850,#851);
#849 = CARTESIAN_POINT('',(-15.,39.,63.5));
#850 = DIRECTION('',(-3.794E-14,2.2E-16,1.));
#851 = DIRECTION('',(-1.,0.,-3.794E-14));
#852 = ADVANCED_FACE('',(#853),#871,.T.);
#853 = FACE_BOUND('',#854,.T.);
#854 = EDGE_LOOP('',(#855,#863,#864,#865));
#855 = ORIENTED_EDGE('',*,*,#856,.F.);
#856 = EDGE_CURVE('',#40,#857,#859,.T.);
#857 = VERTEX_POINT('',#858);
#858 = CARTESIAN_POINT('',(-15.,49.,55.5));
#859 = LINE('',#860,#861);
#860 = CARTESIAN_POINT('',(-15.,39.,55.5));
#861 = VECTOR('',#862,1.);
#862 = DIRECTION('',(0.,1.,-2.2E-16));
#863 = ORIENTED_EDGE('',*,*,#47,.T.);
#864 = ORIENTED_EDGE('',*,*,#821,.T.);
#865 = ORIENTED_EDGE('',*,*,#866,.F.);
#866 = EDGE_CURVE('',#857,#822,#867,.T.);
#867 = LINE('',#868,#869);
#868 = CARTESIAN_POINT('',(-15.,49.,55.5));
#869 = VECTOR('',#870,1.);
#870 = DIRECTION('',(0.,2.2E-16,1.));
#871 = PLANE('',#872);
#872 = AXIS2_PLACEMENT_3D('',#873,#874,#875);
#873 = CARTESIAN_POINT('',(-15.,44.,59.5));
#874 = DIRECTION('',(-1.,-0.,-0.));
#875 = DIRECTION('',(0.,0.,-1.));
#876 = ADVANCED_FACE('',(#877),#888,.F.);
#877 = FACE_BOUND('',#878,.F.);
#878 = EDGE_LOOP('',(#879,#880,#881,#887));
#879 = ORIENTED_EDGE('',*,*,#39,.F.);
#880 = ORIENTED_EDGE('',*,*,#578,.F.);
#881 = ORIENTED_EDGE('',*,*,#882,.T.);
#882 = EDGE_CURVE('',#571,#857,#883,.T.);
#883 = LINE('',#884,#885);
#884 = CARTESIAN_POINT('',(15.,49.,55.5));
#885 = VECTOR('',#886,1.);
#886 = DIRECTION('',(-1.,0.,0.));
#887 = ORIENTED_EDGE('',*,*,#856,.F.);
#888 = PLANE('',#889);
#889 = AXIS2_PLACEMENT_3D('',#890,#891,#892);
#890 = CARTESIAN_POINT('',(15.,39.,55.5));
#891 = DIRECTION('',(0.,2.2E-16,1.));
#892 = DIRECTION('',(-1.,0.,0.));
#893 = ADVANCED_FACE('',(#894),#913,.F.);
#894 = FACE_BOUND('',#895,.F.);
#895 = EDGE_LOOP('',(#896,#904,#905,#906));
#896 = ORIENTED_EDGE('',*,*,#897,.F.);
#897 = EDGE_CURVE('',#147,#898,#900,.T.);
#898 = VERTEX_POINT('',#899);
#899 = CARTESIAN_POINT('',(-137.5,43.,-60.75));
#900 = LINE('',#901,#902);
#901 = CARTESIAN_POINT('',(-137.5,-1.42108547152E-14,-60.75));
#902 = VECTOR('',#903,1.);
#903 = DIRECTION('',(0.,1.,-2.2E-16));
#904 = ORIENTED_EDGE('',*,*,#146,.F.);
#905 = ORIENTED_EDGE('',*,*,#897,.T.);
#906 = ORIENTED_EDGE('',*,*,#907,.T.);
#907 = EDGE_CURVE('',#898,#898,#908,.T.);
#908 = CIRCLE('',#909,1.);
#909 = AXIS2_PLACEMENT_3D('',#910,#911,#912);
#910 = CARTESIAN_POINT('',(-138.5,43.,-60.75));
#911 = DIRECTION('',(0.,-1.,2.2E-16));
#912 = DIRECTION('',(1.,0.,0.));
#913 = CYLINDRICAL_SURFACE('',#914,1.);
#914 = AXIS2_PLACEMENT_3D('',#915,#916,#917);
#915 = CARTESIAN_POINT('',(-138.5,-1.42108547152E-14,-60.75));
#916 = DIRECTION('',(0.,-1.,2.2E-16));
#917 = DIRECTION('',(1.,0.,0.));
#918 = ADVANCED_FACE('',(#919),#938,.F.);
#919 = FACE_BOUND('',#920,.F.);
#920 = EDGE_LOOP('',(#921,#929,#930,#931));
#921 = ORIENTED_EDGE('',*,*,#922,.F.);
#922 = EDGE_CURVE('',#158,#923,#925,.T.);
#923 = VERTEX_POINT('',#924);
#924 = CARTESIAN_POINT('',(-6.,43.,-60.75));
#925 = LINE('',#926,#927);
#926 = CARTESIAN_POINT('',(-6.,-1.42108547152E-14,-60.75));
#927 = VECTOR('',#928,1.);
#928 = DIRECTION('',(0.,1.,-2.2E-16));
#929 = ORIENTED_EDGE('',*,*,#157,.F.);
#930 = ORIENTED_EDGE('',*,*,#922,.T.);
#931 = ORIENTED_EDGE('',*,*,#932,.T.);
#932 = EDGE_CURVE('',#923,#923,#933,.T.);
#933 = CIRCLE('',#934,1.);
#934 = AXIS2_PLACEMENT_3D('',#935,#936,#937);
#935 = CARTESIAN_POINT('',(-7.,43.,-60.75));
#936 = DIRECTION('',(0.,-1.,2.2E-16));
#937 = DIRECTION('',(1.,0.,0.));
#938 = CYLINDRICAL_SURFACE('',#939,1.);
#939 = AXIS2_PLACEMENT_3D('',#940,#941,#942);
#940 = CARTESIAN_POINT('',(-7.,-1.42108547152E-14,-60.75));
#941 = DIRECTION('',(0.,-1.,2.2E-16));
#942 = DIRECTION('',(1.,0.,0.));
#943 = ADVANCED_FACE('',(#944),#963,.F.);
#944 = FACE_BOUND('',#945,.F.);
#945 = EDGE_LOOP('',(#946,#954,#955,#956));
#946 = ORIENTED_EDGE('',*,*,#947,.F.);
#947 = EDGE_CURVE('',#169,#948,#950,.T.);
#948 = VERTEX_POINT('',#949);
#949 = CARTESIAN_POINT('',(-137.5,43.,63.5));
#950 = LINE('',#951,#952);
#951 = CARTESIAN_POINT('',(-137.5,1.42108547152E-14,63.5));
#952 = VECTOR('',#953,1.);
#953 = DIRECTION('',(0.,1.,-2.2E-16));
#954 = ORIENTED_EDGE('',*,*,#168,.F.);
#955 = ORIENTED_EDGE('',*,*,#947,.T.);
#956 = ORIENTED_EDGE('',*,*,#957,.T.);
#957 = EDGE_CURVE('',#948,#948,#958,.T.);
#958 = CIRCLE('',#959,1.);
#959 = AXIS2_PLACEMENT_3D('',#960,#961,#962);
#960 = CARTESIAN_POINT('',(-138.5,43.,63.5));
#961 = DIRECTION('',(0.,-1.,2.2E-16));
#962 = DIRECTION('',(1.,0.,0.));
#963 = CYLINDRICAL_SURFACE('',#964,1.);
#964 = AXIS2_PLACEMENT_3D('',#965,#966,#967);
#965 = CARTESIAN_POINT('',(-138.5,1.42108547152E-14,63.5));
#966 = DIRECTION('',(0.,-1.,2.2E-16));
#967 = DIRECTION('',(1.,0.,0.));
#968 = ADVANCED_FACE('',(#969),#988,.F.);
#969 = FACE_BOUND('',#970,.F.);
#970 = EDGE_LOOP('',(#971,#979,#980,#981));
#971 = ORIENTED_EDGE('',*,*,#972,.F.);
#972 = EDGE_CURVE('',#180,#973,#975,.T.);
#973 = VERTEX_POINT('',#974);
#974 = CARTESIAN_POINT('',(-6.,43.,63.5));
#975 = LINE('',#976,#977);
#976 = CARTESIAN_POINT('',(-6.,1.42108547152E-14,63.5));
#977 = VECTOR('',#978,1.);
#978 = DIRECTION('',(0.,1.,-2.2E-16));
#979 = ORIENTED_EDGE('',*,*,#179,.F.);
#980 = ORIENTED_EDGE('',*,*,#972,.T.);
#981 = ORIENTED_EDGE('',*,*,#982,.T.);
#982 = EDGE_CURVE('',#973,#973,#983,.T.);
#983 = CIRCLE('',#984,1.);
#984 = AXIS2_PLACEMENT_3D('',#985,#986,#987);
#985 = CARTESIAN_POINT('',(-7.,43.,63.5));
#986 = DIRECTION('',(0.,-1.,2.2E-16));
#987 = DIRECTION('',(1.,0.,0.));
#988 = CYLINDRICAL_SURFACE('',#989,1.);
#989 = AXIS2_PLACEMENT_3D('',#990,#991,#992);
#990 = CARTESIAN_POINT('',(-7.,1.42108547152E-14,63.5));
#991 = DIRECTION('',(0.,-1.,2.2E-16));
#992 = DIRECTION('',(1.,0.,0.));
#993 = ADVANCED_FACE('',(#994),#1012,.T.);
#994 = FACE_BOUND('',#995,.F.);
#995 = EDGE_LOOP('',(#996,#1004,#1010,#1011));
#996 = ORIENTED_EDGE('',*,*,#997,.T.);
#997 = EDGE_CURVE('',#314,#998,#1000,.T.);
#998 = VERTEX_POINT('',#999);
#999 = CARTESIAN_POINT('',(-140.5,53.,65.));
#1000 = ( BOUNDED_CURVE() B_SPLINE_CURVE(2,(#1001,#1002,#1003),
.UNSPECIFIED.,.F.,.F.) B_SPLINE_CURVE_WITH_KNOTS((3,3),(0.,1.5),
.PIECEWISE_BEZIER_KNOTS.) CURVE() GEOMETRIC_REPRESENTATION_ITEM() 
RATIONAL_B_SPLINE_CURVE((1.,0.707106781187,1.)) REPRESENTATION_ITEM('') 
  );
#1001 = CARTESIAN_POINT('',(-142.5,51.,65.));
#1002 = CARTESIAN_POINT('',(-142.5,53.,65.));
#1003 = CARTESIAN_POINT('',(-140.5,53.,65.));
#1004 = ORIENTED_EDGE('',*,*,#1005,.T.);
#1005 = EDGE_CURVE('',#998,#199,#1006,.T.);
#1006 = LINE('',#1007,#1008);
#1007 = CARTESIAN_POINT('',(-140.5,53.,-64.75));
#1008 = VECTOR('',#1009,1.);
#1009 = DIRECTION('',(0.,0.,1.));
#1010 = ORIENTED_EDGE('',*,*,#196,.F.);
#1011 = ORIENTED_EDGE('',*,*,#313,.F.);
#1012 = CYLINDRICAL_SURFACE('',#1013,2.);
#1013 = AXIS2_PLACEMENT_3D('',#1014,#1015,#1016);
#1014 = CARTESIAN_POINT('',(-140.5,51.,-64.75));
#1015 = DIRECTION('',(0.,0.,1.));
#1016 = DIRECTION('',(-1.,0.,0.));
#1017 = ADVANCED_FACE('',(#1018,#1127,#1138,#1149,#1160,#1171,#1182),
  #1193,.T.);
#1018 = FACE_BOUND('',#1019,.T.);
#1019 = EDGE_LOOP('',(#1020,#1021,#1022,#1030,#1038,#1044,#1045,#1053,
    #1061,#1067,#1068,#1069,#1077,#1086,#1095,#1103,#1112,#1120));
#1020 = ORIENTED_EDGE('',*,*,#1005,.T.);
#1021 = ORIENTED_EDGE('',*,*,#286,.T.);
#1022 = ORIENTED_EDGE('',*,*,#1023,.F.);
#1023 = EDGE_CURVE('',#1024,#279,#1026,.T.);
#1024 = VERTEX_POINT('',#1025);
#1025 = CARTESIAN_POINT('',(-122.,53.,73.5));
#1026 = LINE('',#1027,#1028);
#1027 = CARTESIAN_POINT('',(-122.,53.,73.5));
#1028 = VECTOR('',#1029,1.);
#1029 = DIRECTION('',(-0.,-0.,-1.));
#1030 = ORIENTED_EDGE('',*,*,#1031,.F.);
#1031 = EDGE_CURVE('',#1032,#1024,#1034,.T.);
#1032 = VERTEX_POINT('',#1033);
#1033 = CARTESIAN_POINT('',(-112.,53.,73.5));
#1034 = LINE('',#1035,#1036);
#1035 = CARTESIAN_POINT('',(-112.,53.,73.5));
#1036 = VECTOR('',#1037,1.);
#1037 = DIRECTION('',(-1.,0.,0.));
#1038 = ORIENTED_EDGE('',*,*,#1039,.T.);
#1039 = EDGE_CURVE('',#1032,#255,#1040,.T.);
#1040 = LINE('',#1041,#1042);
#1041 = CARTESIAN_POINT('',(-112.,53.,73.5));
#1042 = VECTOR('',#1043,1.);
#1043 = DIRECTION('',(-0.,-0.,-1.));
#1044 = ORIENTED_EDGE('',*,*,#254,.T.);
#1045 = ORIENTED_EDGE('',*,*,#1046,.F.);
#1046 = EDGE_CURVE('',#1047,#247,#1049,.T.);
#1047 = VERTEX_POINT('',#1048);
#1048 = CARTESIAN_POINT('',(-75.,53.,73.5));
#1049 = LINE('',#1050,#1051);
#1050 = CARTESIAN_POINT('',(-75.,53.,73.5));
#1051 = VECTOR('',#1052,1.);
#1052 = DIRECTION('',(-0.,-0.,-1.));
#1053 = ORIENTED_EDGE('',*,*,#1054,.F.);
#1054 = EDGE_CURVE('',#1055,#1047,#1057,.T.);
#1055 = VERTEX_POINT('',#1056);
#1056 = CARTESIAN_POINT('',(-65.,53.,73.5));
#1057 = LINE('',#1058,#1059);
#1058 = CARTESIAN_POINT('',(-65.,53.,73.5));
#1059 = VECTOR('',#1060,1.);
#1060 = DIRECTION('',(-1.,0.,0.));
#1061 = ORIENTED_EDGE('',*,*,#1062,.T.);
#1062 = EDGE_CURVE('',#1055,#223,#1063,.T.);
#1063 = LINE('',#1064,#1065);
#1064 = CARTESIAN_POINT('',(-65.,53.,73.5));
#1065 = VECTOR('',#1066,1.);
#1066 = DIRECTION('',(-0.,-0.,-1.));
#1067 = ORIENTED_EDGE('',*,*,#222,.T.);
#1068 = ORIENTED_EDGE('',*,*,#586,.F.);
#1069 = ORIENTED_EDGE('',*,*,#1070,.T.);
#1070 = EDGE_CURVE('',#587,#1071,#1073,.T.);
#1071 = VERTEX_POINT('',#1072);
#1072 = CARTESIAN_POINT('',(-5.5,53.,-62.75));
#1073 = LINE('',#1074,#1075);
#1074 = CARTESIAN_POINT('',(142.5,53.,-62.75));
#1075 = VECTOR('',#1076,1.);
#1076 = DIRECTION('',(-1.,0.,0.));
#1077 = ORIENTED_EDGE('',*,*,#1078,.F.);
#1078 = EDGE_CURVE('',#1079,#1071,#1081,.T.);
#1079 = VERTEX_POINT('',#1080);
#1080 = CARTESIAN_POINT('',(-9.5,53.,-60.75));
#1081 = CIRCLE('',#1082,2.5);
#1082 = AXIS2_PLACEMENT_3D('',#1083,#1084,#1085);
#1083 = CARTESIAN_POINT('',(-7.,53.,-60.75));
#1084 = DIRECTION('',(0.,1.,-0.));
#1085 = DIRECTION('',(-1.,0.,0.));
#1086 = ORIENTED_EDGE('',*,*,#1087,.F.);
#1087 = EDGE_CURVE('',#1088,#1079,#1090,.T.);
#1088 = VERTEX_POINT('',#1089);
#1089 = CARTESIAN_POINT('',(-8.5,53.,-62.75));
#1090 = CIRCLE('',#1091,2.5);
#1091 = AXIS2_PLACEMENT_3D('',#1092,#1093,#1094);
#1092 = CARTESIAN_POINT('',(-7.,53.,-60.75));
#1093 = DIRECTION('',(0.,1.,-0.));
#1094 = DIRECTION('',(-1.,0.,0.));
#1095 = ORIENTED_EDGE('',*,*,#1096,.T.);
#1096 = EDGE_CURVE('',#1088,#1097,#1099,.T.);
#1097 = VERTEX_POINT('',#1098);
#1098 = CARTESIAN_POINT('',(-137.,53.,-62.75));
#1099 = LINE('',#1100,#1101);
#1100 = CARTESIAN_POINT('',(142.5,53.,-62.75));
#1101 = VECTOR('',#1102,1.);
#1102 = DIRECTION('',(-1.,0.,0.));
#1103 = ORIENTED_EDGE('',*,*,#1104,.F.);
#1104 = EDGE_CURVE('',#1105,#1097,#1107,.T.);
#1105 = VERTEX_POINT('',#1106);
#1106 = CARTESIAN_POINT('',(-140.5,53.,-59.25));
#1107 = CIRCLE('',#1108,2.5);
#1108 = AXIS2_PLACEMENT_3D('',#1109,#1110,#1111);
#1109 = CARTESIAN_POINT('',(-138.5,53.,-60.75));
#1110 = DIRECTION('',(0.,1.,-0.));
#1111 = DIRECTION('',(-1.,0.,0.));
#1112 = ORIENTED_EDGE('',*,*,#1113,.T.);
#1113 = EDGE_CURVE('',#1105,#1114,#1116,.T.);
#1114 = VERTEX_POINT('',#1115);
#1115 = CARTESIAN_POINT('',(-140.5,53.,62.));
#1116 = LINE('',#1117,#1118);
#1117 = CARTESIAN_POINT('',(-140.5,53.,-64.75));
#1118 = VECTOR('',#1119,1.);
#1119 = DIRECTION('',(0.,0.,1.));
#1120 = ORIENTED_EDGE('',*,*,#1121,.F.);
#1121 = EDGE_CURVE('',#998,#1114,#1122,.T.);
#1122 = CIRCLE('',#1123,2.5);
#1123 = AXIS2_PLACEMENT_3D('',#1124,#1125,#1126);
#1124 = CARTESIAN_POINT('',(-138.5,53.,63.5));
#1125 = DIRECTION('',(0.,1.,-0.));
#1126 = DIRECTION('',(-1.,0.,0.));
#1127 = FACE_BOUND('',#1128,.T.);
#1128 = EDGE_LOOP('',(#1129));
#1129 = ORIENTED_EDGE('',*,*,#1130,.T.);
#1130 = EDGE_CURVE('',#1131,#1131,#1133,.T.);
#1131 = VERTEX_POINT('',#1132);
#1132 = CARTESIAN_POINT('',(-129.5,53.,-8.5));
#1133 = CIRCLE('',#1134,1.);
#1134 = AXIS2_PLACEMENT_3D('',#1135,#1136,#1137);
#1135 = CARTESIAN_POINT('',(-130.5,53.,-8.5));
#1136 = DIRECTION('',(0.,-1.,2.2E-16));
#1137 = DIRECTION('',(1.,0.,0.));
#1138 = FACE_BOUND('',#1139,.T.);
#1139 = EDGE_LOOP('',(#1140));
#1140 = ORIENTED_EDGE('',*,*,#1141,.T.);
#1141 = EDGE_CURVE('',#1142,#1142,#1144,.T.);
#1142 = VERTEX_POINT('',#1143);
#1143 = CARTESIAN_POINT('',(-97.5,53.,-8.5));
#1144 = CIRCLE('',#1145,1.);
#1145 = AXIS2_PLACEMENT_3D('',#1146,#1147,#1148);
#1146 = CARTESIAN_POINT('',(-98.5,53.,-8.5));
#1147 = DIRECTION('',(0.,-1.,2.2E-16));
#1148 = DIRECTION('',(1.,0.,0.));
#1149 = FACE_BOUND('',#1150,.T.);
#1150 = EDGE_LOOP('',(#1151));
#1151 = ORIENTED_EDGE('',*,*,#1152,.T.);
#1152 = EDGE_CURVE('',#1153,#1153,#1155,.T.);
#1153 = VERTEX_POINT('',#1154);
#1154 = CARTESIAN_POINT('',(-95.,53.,7.5));
#1155 = CIRCLE('',#1156,19.5);
#1156 = AXIS2_PLACEMENT_3D('',#1157,#1158,#1159);
#1157 = CARTESIAN_POINT('',(-114.5,53.,7.5));
#1158 = DIRECTION('',(0.,-1.,2.2E-16));
#1159 = DIRECTION('',(1.,0.,0.));
#1160 = FACE_BOUND('',#1161,.T.);
#1161 = EDGE_LOOP('',(#1162));
#1162 = ORIENTED_EDGE('',*,*,#1163,.T.);
#1163 = EDGE_CURVE('',#1164,#1164,#1166,.T.);
#1164 = VERTEX_POINT('',#1165);
#1165 = CARTESIAN_POINT('',(-129.5,53.,23.5));
#1166 = CIRCLE('',#1167,1.);
#1167 = AXIS2_PLACEMENT_3D('',#1168,#1169,#1170);
#1168 = CARTESIAN_POINT('',(-130.5,53.,23.5));
#1169 = DIRECTION('',(0.,-1.,2.2E-16));
#1170 = DIRECTION('',(1.,0.,0.));
#1171 = FACE_BOUND('',#1172,.T.);
#1172 = EDGE_LOOP('',(#1173));
#1173 = ORIENTED_EDGE('',*,*,#1174,.T.);
#1174 = EDGE_CURVE('',#1175,#1175,#1177,.T.);
#1175 = VERTEX_POINT('',#1176);
#1176 = CARTESIAN_POINT('',(-97.5,53.,23.5));
#1177 = CIRCLE('',#1178,1.);
#1178 = AXIS2_PLACEMENT_3D('',#1179,#1180,#1181);
#1179 = CARTESIAN_POINT('',(-98.5,53.,23.5));
#1180 = DIRECTION('',(0.,-1.,2.2E-16));
#1181 = DIRECTION('',(1.,0.,0.));
#1182 = FACE_BOUND('',#1183,.T.);
#1183 = EDGE_LOOP('',(#1184));
#1184 = ORIENTED_EDGE('',*,*,#1185,.F.);
#1185 = EDGE_CURVE('',#1186,#1186,#1188,.T.);
#1186 = VERTEX_POINT('',#1187);
#1187 = CARTESIAN_POINT('',(-9.5,53.,63.5));
#1188 = CIRCLE('',#1189,2.5);
#1189 = AXIS2_PLACEMENT_3D('',#1190,#1191,#1192);
#1190 = CARTESIAN_POINT('',(-7.,53.,63.5));
#1191 = DIRECTION('',(0.,1.,-0.));
#1192 = DIRECTION('',(-1.,0.,0.));
#1193 = PLANE('',#1194);
#1194 = AXIS2_PLACEMENT_3D('',#1195,#1196,#1197);
#1195 = CARTESIAN_POINT('',(5.93E-15,53.,5.406728045326));
#1196 = DIRECTION('',(0.,1.,3.4E-16));
#1197 = DIRECTION('',(0.,-3.4E-16,1.));
#1198 = ADVANCED_FACE('',(#1199),#1217,.T.);
#1199 = FACE_BOUND('',#1200,.T.);
#1200 = EDGE_LOOP('',(#1201,#1209,#1210,#1211));
#1201 = ORIENTED_EDGE('',*,*,#1202,.F.);
#1202 = EDGE_CURVE('',#1024,#1203,#1205,.T.);
#1203 = VERTEX_POINT('',#1204);
#1204 = CARTESIAN_POINT('',(-122.,47.,73.5));
#1205 = LINE('',#1206,#1207);
#1206 = CARTESIAN_POINT('',(-122.,53.,73.5));
#1207 = VECTOR('',#1208,1.);
#1208 = DIRECTION('',(0.,-1.,0.));
#1209 = ORIENTED_EDGE('',*,*,#1023,.T.);
#1210 = ORIENTED_EDGE('',*,*,#278,.F.);
#1211 = ORIENTED_EDGE('',*,*,#1212,.F.);
#1212 = EDGE_CURVE('',#1203,#271,#1213,.T.);
#1213 = LINE('',#1214,#1215);
#1214 = CARTESIAN_POINT('',(-122.,47.,73.5));
#1215 = VECTOR('',#1216,1.);
#1216 = DIRECTION('',(-0.,-0.,-1.));
#1217 = PLANE('',#1218);
#1218 = AXIS2_PLACEMENT_3D('',#1219,#1220,#1221);
#1219 = CARTESIAN_POINT('',(-122.,53.,73.5));
#1220 = DIRECTION('',(-1.,2.2E-16,0.));
#1221 = DIRECTION('',(-2.2E-16,-1.,0.));
#1222 = ADVANCED_FACE('',(#1223),#1241,.T.);
#1223 = FACE_BOUND('',#1224,.T.);
#1224 = EDGE_LOOP('',(#1225,#1233,#1234,#1235));
#1225 = ORIENTED_EDGE('',*,*,#1226,.F.);
#1226 = EDGE_CURVE('',#1203,#1227,#1229,.T.);
#1227 = VERTEX_POINT('',#1228);
#1228 = CARTESIAN_POINT('',(-112.,47.,73.5));
#1229 = LINE('',#1230,#1231);
#1230 = CARTESIAN_POINT('',(-122.,47.,73.5));
#1231 = VECTOR('',#1232,1.);
#1232 = DIRECTION('',(1.,0.,0.));
#1233 = ORIENTED_EDGE('',*,*,#1212,.T.);
#1234 = ORIENTED_EDGE('',*,*,#270,.F.);
#1235 = ORIENTED_EDGE('',*,*,#1236,.F.);
#1236 = EDGE_CURVE('',#1227,#263,#1237,.T.);
#1237 = LINE('',#1238,#1239);
#1238 = CARTESIAN_POINT('',(-112.,47.,73.5));
#1239 = VECTOR('',#1240,1.);
#1240 = DIRECTION('',(-0.,-0.,-1.));
#1241 = PLANE('',#1242);
#1242 = AXIS2_PLACEMENT_3D('',#1243,#1244,#1245);
#1243 = CARTESIAN_POINT('',(-122.,47.,73.5));
#1244 = DIRECTION('',(-2.2E-16,-1.,0.));
#1245 = DIRECTION('',(1.,-2.2E-16,0.));
#1246 = ADVANCED_FACE('',(#1247),#1258,.T.);
#1247 = FACE_BOUND('',#1248,.T.);
#1248 = EDGE_LOOP('',(#1249,#1255,#1256,#1257));
#1249 = ORIENTED_EDGE('',*,*,#1250,.F.);
#1250 = EDGE_CURVE('',#1227,#1032,#1251,.T.);
#1251 = LINE('',#1252,#1253);
#1252 = CARTESIAN_POINT('',(-112.,47.,73.5));
#1253 = VECTOR('',#1254,1.);
#1254 = DIRECTION('',(0.,1.,0.));
#1255 = ORIENTED_EDGE('',*,*,#1236,.T.);
#1256 = ORIENTED_EDGE('',*,*,#262,.F.);
#1257 = ORIENTED_EDGE('',*,*,#1039,.F.);
#1258 = PLANE('',#1259);
#1259 = AXIS2_PLACEMENT_3D('',#1260,#1261,#1262);
#1260 = CARTESIAN_POINT('',(-112.,47.,73.5));
#1261 = DIRECTION('',(1.,-2.2E-16,0.));
#1262 = DIRECTION('',(2.2E-16,1.,0.));
#1263 = ADVANCED_FACE('',(#1264),#1282,.T.);
#1264 = FACE_BOUND('',#1265,.T.);
#1265 = EDGE_LOOP('',(#1266,#1274,#1275,#1276));
#1266 = ORIENTED_EDGE('',*,*,#1267,.F.);
#1267 = EDGE_CURVE('',#1047,#1268,#1270,.T.);
#1268 = VERTEX_POINT('',#1269);
#1269 = CARTESIAN_POINT('',(-75.,47.,73.5));
#1270 = LINE('',#1271,#1272);
#1271 = CARTESIAN_POINT('',(-75.,53.,73.5));
#1272 = VECTOR('',#1273,1.);
#1273 = DIRECTION('',(0.,-1.,0.));
#1274 = ORIENTED_EDGE('',*,*,#1046,.T.);
#1275 = ORIENTED_EDGE('',*,*,#246,.F.);
#1276 = ORIENTED_EDGE('',*,*,#1277,.F.);
#1277 = EDGE_CURVE('',#1268,#239,#1278,.T.);
#1278 = LINE('',#1279,#1280);
#1279 = CARTESIAN_POINT('',(-75.,47.,73.5));
#1280 = VECTOR('',#1281,1.);
#1281 = DIRECTION('',(-0.,-0.,-1.));
#1282 = PLANE('',#1283);
#1283 = AXIS2_PLACEMENT_3D('',#1284,#1285,#1286);
#1284 = CARTESIAN_POINT('',(-75.,53.,73.5));
#1285 = DIRECTION('',(-1.,2.2E-16,0.));
#1286 = DIRECTION('',(-2.2E-16,-1.,0.));
#1287 = ADVANCED_FACE('',(#1288),#1306,.T.);
#1288 = FACE_BOUND('',#1289,.T.);
#1289 = EDGE_LOOP('',(#1290,#1298,#1299,#1300));
#1290 = ORIENTED_EDGE('',*,*,#1291,.F.);
#1291 = EDGE_CURVE('',#1268,#1292,#1294,.T.);
#1292 = VERTEX_POINT('',#1293);
#1293 = CARTESIAN_POINT('',(-65.,47.,73.5));
#1294 = LINE('',#1295,#1296);
#1295 = CARTESIAN_POINT('',(-75.,47.,73.5));
#1296 = VECTOR('',#1297,1.);
#1297 = DIRECTION('',(1.,0.,0.));
#1298 = ORIENTED_EDGE('',*,*,#1277,.T.);
#1299 = ORIENTED_EDGE('',*,*,#238,.F.);
#1300 = ORIENTED_EDGE('',*,*,#1301,.F.);
#1301 = EDGE_CURVE('',#1292,#231,#1302,.T.);
#1302 = LINE('',#1303,#1304);
#1303 = CARTESIAN_POINT('',(-65.,47.,73.5));
#1304 = VECTOR('',#1305,1.);
#1305 = DIRECTION('',(-0.,-0.,-1.));
#1306 = PLANE('',#1307);
#1307 = AXIS2_PLACEMENT_3D('',#1308,#1309,#1310);
#1308 = CARTESIAN_POINT('',(-75.,47.,73.5));
#1309 = DIRECTION('',(-2.2E-16,-1.,0.));
#1310 = DIRECTION('',(1.,-2.2E-16,0.));
#1311 = ADVANCED_FACE('',(#1312),#1323,.T.);
#1312 = FACE_BOUND('',#1313,.T.);
#1313 = EDGE_LOOP('',(#1314,#1320,#1321,#1322));
#1314 = ORIENTED_EDGE('',*,*,#1315,.F.);
#1315 = EDGE_CURVE('',#1292,#1055,#1316,.T.);
#1316 = LINE('',#1317,#1318);
#1317 = CARTESIAN_POINT('',(-65.,47.,73.5));
#1318 = VECTOR('',#1319,1.);
#1319 = DIRECTION('',(0.,1.,0.));
#1320 = ORIENTED_EDGE('',*,*,#1301,.T.);
#1321 = ORIENTED_EDGE('',*,*,#230,.F.);
#1322 = ORIENTED_EDGE('',*,*,#1062,.F.);
#1323 = PLANE('',#1324);
#1324 = AXIS2_PLACEMENT_3D('',#1325,#1326,#1327);
#1325 = CARTESIAN_POINT('',(-65.,47.,73.5));
#1326 = DIRECTION('',(1.,-2.2E-16,0.));
#1327 = DIRECTION('',(2.2E-16,1.,0.));
#1328 = ADVANCED_FACE('',(#1329),#1340,.F.);
#1329 = FACE_BOUND('',#1330,.F.);
#1330 = EDGE_LOOP('',(#1331,#1337,#1338,#1339));
#1331 = ORIENTED_EDGE('',*,*,#1332,.F.);
#1332 = EDGE_CURVE('',#295,#840,#1333,.T.);
#1333 = LINE('',#1334,#1335);
#1334 = CARTESIAN_POINT('',(-48.5,46.,67.5));
#1335 = VECTOR('',#1336,1.);
#1336 = DIRECTION('',(0.,1.E-15,-1.));
#1337 = ORIENTED_EDGE('',*,*,#294,.F.);
#1338 = ORIENTED_EDGE('',*,*,#1332,.T.);
#1339 = ORIENTED_EDGE('',*,*,#839,.T.);
#1340 = CYLINDRICAL_SURFACE('',#1341,1.5);
#1341 = AXIS2_PLACEMENT_3D('',#1342,#1343,#1344);
#1342 = CARTESIAN_POINT('',(-50.,46.,67.5));
#1343 = DIRECTION('',(0.,-1.E-15,1.));
#1344 = DIRECTION('',(1.,0.,0.));
#1345 = ADVANCED_FACE('',(#1346),#1373,.T.);
#1346 = FACE_BOUND('',#1347,.F.);
#1347 = EDGE_LOOP('',(#1348,#1357,#1365,#1372));
#1348 = ORIENTED_EDGE('',*,*,#1349,.T.);
#1349 = EDGE_CURVE('',#382,#1350,#1352,.T.);
#1350 = VERTEX_POINT('',#1351);
#1351 = CARTESIAN_POINT('',(-140.5,53.,-62.75));
#1352 = CIRCLE('',#1353,2.);
#1353 = AXIS2_PLACEMENT_3D('',#1354,#1355,#1356);
#1354 = CARTESIAN_POINT('',(-140.5,51.,-62.75));
#1355 = DIRECTION('',(0.,0.,-1.));
#1356 = DIRECTION('',(0.,1.,0.));
#1357 = ORIENTED_EDGE('',*,*,#1358,.T.);
#1358 = EDGE_CURVE('',#1350,#1359,#1361,.T.);
#1359 = VERTEX_POINT('',#1360);
#1360 = CARTESIAN_POINT('',(-140.5,53.,-62.25));
#1361 = LINE('',#1362,#1363);
#1362 = CARTESIAN_POINT('',(-140.5,53.,-64.75));
#1363 = VECTOR('',#1364,1.);
#1364 = DIRECTION('',(0.,0.,1.));
#1365 = ORIENTED_EDGE('',*,*,#1366,.F.);
#1366 = EDGE_CURVE('',#369,#1359,#1367,.T.);
#1367 = CIRCLE('',#1368,2.);
#1368 = AXIS2_PLACEMENT_3D('',#1369,#1370,#1371);
#1369 = CARTESIAN_POINT('',(-140.5,51.,-62.25));
#1370 = DIRECTION('',(0.,0.,-1.));
#1371 = DIRECTION('',(-1.,0.,0.));
#1372 = ORIENTED_EDGE('',*,*,#381,.F.);
#1373 = CYLINDRICAL_SURFACE('',#1374,2.);
#1374 = AXIS2_PLACEMENT_3D('',#1375,#1376,#1377);
#1375 = CARTESIAN_POINT('',(-140.5,51.,-64.75));
#1376 = DIRECTION('',(0.,0.,1.));
#1377 = DIRECTION('',(-1.,0.,0.));
#1378 = ADVANCED_FACE('',(#1379),#1402,.F.);
#1379 = FACE_BOUND('',#1380,.F.);
#1380 = EDGE_LOOP('',(#1381,#1382,#1395,#1401));
#1381 = ORIENTED_EDGE('',*,*,#1366,.T.);
#1382 = ORIENTED_EDGE('',*,*,#1383,.T.);
#1383 = EDGE_CURVE('',#1359,#1384,#1386,.T.);
#1384 = VERTEX_POINT('',#1385);
#1385 = CARTESIAN_POINT('',(-141.,53.,-60.75));
#1386 = ( BOUNDED_CURVE() B_SPLINE_CURVE(7,(#1387,#1388,#1389,#1390,
    #1391,#1392,#1393,#1394),.UNSPECIFIED.,.F.,.F.) 
B_SPLINE_CURVE_WITH_KNOTS((8,8),(2.5,4.),.PIECEWISE_BEZIER_KNOTS.) CURVE
() GEOMETRIC_REPRESENTATION_ITEM() RATIONAL_B_SPLINE_CURVE((1.,1.,1.,1.,
1.,1.,1.,1.)) REPRESENTATION_ITEM('') );
#1387 = CARTESIAN_POINT('',(-140.5,53.,-62.25));
#1388 = CARTESIAN_POINT('',(-140.6607142857,53.,-62.03571428571));
#1389 = CARTESIAN_POINT('',(-140.7796202688,53.,-61.82142857142));
#1390 = CARTESIAN_POINT('',(-140.8704742494,53.,-61.60714285714));
#1391 = CARTESIAN_POINT('',(-140.9356150558,53.,-61.39285714285));
#1392 = CARTESIAN_POINT('',(-140.9785963584,53.,-61.17857142857));
#1393 = CARTESIAN_POINT('',(-141.,53.,-60.96428571428));
#1394 = CARTESIAN_POINT('',(-141.,53.,-60.75));
#1395 = ORIENTED_EDGE('',*,*,#1396,.F.);
#1396 = EDGE_CURVE('',#356,#1384,#1397,.T.);
#1397 = ( BOUNDED_CURVE() B_SPLINE_CURVE(2,(#1398,#1399,#1400),
.UNSPECIFIED.,.F.,.F.) B_SPLINE_CURVE_WITH_KNOTS((3,3),(0.,1.5),
.PIECEWISE_BEZIER_KNOTS.) CURVE() GEOMETRIC_REPRESENTATION_ITEM() 
RATIONAL_B_SPLINE_CURVE((1.,0.790569415042,1.)) REPRESENTATION_ITEM('') 
  );
#1398 = CARTESIAN_POINT('',(-142.5,51.063508326896,-60.75));
#1399 = CARTESIAN_POINT('',(-142.5,52.612701665379,-60.75));
#1400 = CARTESIAN_POINT('',(-141.,53.,-60.75));
#1401 = ORIENTED_EDGE('',*,*,#368,.F.);
#1402 = ( BOUNDED_SURFACE() B_SPLINE_SURFACE(2,7,(
    (#1403,#1404,#1405,#1406,#1407,#1408,#1409,#1410)
    ,(#1411,#1412,#1413,#1414,#1415,#1416,#1417,#1418)
    ,(#1419,#1420,#1421,#1422,#1423,#1424,#1425,#1426
)),.UNSPECIFIED.,.F.,.F.,.F.) B_SPLINE_SURFACE_WITH_KNOTS((3,3),(8,8),(
    0.,1.5),(2.5,4.),.PIECEWISE_BEZIER_KNOTS.) 
GEOMETRIC_REPRESENTATION_ITEM() RATIONAL_B_SPLINE_SURFACE((
    (1.,1.,1.,1.,1.,1.,1.,1.)
    ,(0.707106781187,0.735517321502,0.755213050939,0.770034602914
      ,0.78037116525,0.787189780135,0.790569415042,0.790569415042)
,(1.,1.,1.,1.,1.,1.,1.,1.))) REPRESENTATION_ITEM('') SURFACE() );
#1403 = CARTESIAN_POINT('',(-142.5,51.,-62.25));
#1404 = CARTESIAN_POINT('',(-142.5,51.,-62.03571428571));
#1405 = CARTESIAN_POINT('',(-142.5,51.015012690191,-61.82142857142));
#1406 = CARTESIAN_POINT('',(-142.5,51.031366932219,-61.60714285714));
#1407 = CARTESIAN_POINT('',(-142.5,51.047027571629,-61.39285714285));
#1408 = CARTESIAN_POINT('',(-142.5,51.057945802173,-61.17857142857));
#1409 = CARTESIAN_POINT('',(-142.5,51.063508326896,-60.96428571428));
#1410 = CARTESIAN_POINT('',(-142.5,51.063508326896,-60.75));
#1411 = CARTESIAN_POINT('',(-142.5,53.,-62.25));
#1412 = CARTESIAN_POINT('',(-142.5,52.845493562232,-62.0439914163));
#1413 = CARTESIAN_POINT('',(-142.5,52.752265951253,-61.82994440743));
#1414 = CARTESIAN_POINT('',(-142.5,52.689674002049,-61.61440293198));
#1415 = CARTESIAN_POINT('',(-142.5,52.649839519418,-61.397231918));
#1416 = CARTESIAN_POINT('',(-142.5,52.624890354119,-61.18044120246));
#1417 = CARTESIAN_POINT('',(-142.5,52.612701665379,-60.96428571428));
#1418 = CARTESIAN_POINT('',(-142.5,52.612701665379,-60.75));
#1419 = CARTESIAN_POINT('',(-140.5,53.,-62.25));
#1420 = CARTESIAN_POINT('',(-140.6607142857,53.,-62.03571428571));
#1421 = CARTESIAN_POINT('',(-140.7796202688,53.,-61.82142857142));
#1422 = CARTESIAN_POINT('',(-140.8704742494,53.,-61.60714285714));
#1423 = CARTESIAN_POINT('',(-140.9356150558,53.,-61.39285714285));
#1424 = CARTESIAN_POINT('',(-140.9785963584,53.,-61.17857142857));
#1425 = CARTESIAN_POINT('',(-141.,53.,-60.96428571428));
#1426 = CARTESIAN_POINT('',(-141.,53.,-60.75));
#1427 = ADVANCED_FACE('',(#1428),#1451,.F.);
#1428 = FACE_BOUND('',#1429,.F.);
#1429 = EDGE_LOOP('',(#1430,#1438,#1449,#1450));
#1430 = ORIENTED_EDGE('',*,*,#1431,.T.);
#1431 = EDGE_CURVE('',#322,#1432,#1434,.T.);
#1432 = VERTEX_POINT('',#1433);
#1433 = CARTESIAN_POINT('',(-141.,53.,63.5));
#1434 = ( BOUNDED_CURVE() B_SPLINE_CURVE(2,(#1435,#1436,#1437),
.UNSPECIFIED.,.F.,.F.) B_SPLINE_CURVE_WITH_KNOTS((3,3),(0.,1.5),
.PIECEWISE_BEZIER_KNOTS.) CURVE() GEOMETRIC_REPRESENTATION_ITEM() 
RATIONAL_B_SPLINE_CURVE((1.,0.790569415042,1.)) REPRESENTATION_ITEM('') 
  );
#1435 = CARTESIAN_POINT('',(-142.5,51.063508326896,63.5));
#1436 = CARTESIAN_POINT('',(-142.5,52.612701665379,63.5));
#1437 = CARTESIAN_POINT('',(-141.,53.,63.5));
#1438 = ORIENTED_EDGE('',*,*,#1439,.T.);
#1439 = EDGE_CURVE('',#1432,#998,#1440,.T.);
#1440 = ( BOUNDED_CURVE() B_SPLINE_CURVE(7,(#1441,#1442,#1443,#1444,
    #1445,#1446,#1447,#1448),.UNSPECIFIED.,.F.,.F.) 
B_SPLINE_CURVE_WITH_KNOTS((8,8),(128.25,129.75),
.PIECEWISE_BEZIER_KNOTS.) CURVE() GEOMETRIC_REPRESENTATION_ITEM() 
RATIONAL_B_SPLINE_CURVE((1.,1.,1.,1.,1.,1.,1.,1.)) REPRESENTATION_ITEM(
  '') );
#1441 = CARTESIAN_POINT('',(-141.,53.,63.5));
#1442 = CARTESIAN_POINT('',(-141.,53.,63.714285714286));
#1443 = CARTESIAN_POINT('',(-140.9785963584,53.,63.928571428571));
#1444 = CARTESIAN_POINT('',(-140.9356150558,53.,64.142857142857));
#1445 = CARTESIAN_POINT('',(-140.8704742494,53.,64.357142857143));
#1446 = CARTESIAN_POINT('',(-140.7796202688,53.,64.571428571429));
#1447 = CARTESIAN_POINT('',(-140.6607142857,53.,64.785714285714));
#1448 = CARTESIAN_POINT('',(-140.5,53.,65.));
#1449 = ORIENTED_EDGE('',*,*,#997,.F.);
#1450 = ORIENTED_EDGE('',*,*,#321,.F.);
#1451 = ( BOUNDED_SURFACE() B_SPLINE_SURFACE(2,7,(
    (#1452,#1453,#1454,#1455,#1456,#1457,#1458,#1459)
    ,(#1460,#1461,#1462,#1463,#1464,#1465,#1466,#1467)
    ,(#1468,#1469,#1470,#1471,#1472,#1473,#1474,#1475
)),.UNSPECIFIED.,.F.,.F.,.F.) B_SPLINE_SURFACE_WITH_KNOTS((3,3),(8,8),(
    0.,1.5),(128.25,129.75),.PIECEWISE_BEZIER_KNOTS.) 
GEOMETRIC_REPRESENTATION_ITEM() RATIONAL_B_SPLINE_SURFACE((
    (1.,1.,1.,1.,1.,1.,1.,1.)
    ,(0.790569415042,0.790569415042,0.787189780135,0.78037116525
      ,0.770034602914,0.755213050939,0.735517321502,0.707106781187)
,(1.,1.,1.,1.,1.,1.,1.,1.))) REPRESENTATION_ITEM('') SURFACE() );
#1452 = CARTESIAN_POINT('',(-142.5,51.063508326896,63.5));
#1453 = CARTESIAN_POINT('',(-142.5,51.063508326896,63.714285714286));
#1454 = CARTESIAN_POINT('',(-142.5,51.057945802173,63.928571428572));
#1455 = CARTESIAN_POINT('',(-142.5,51.047027571629,64.142857142857));
#1456 = CARTESIAN_POINT('',(-142.5,51.031366932219,64.357142857143));
#1457 = CARTESIAN_POINT('',(-142.5,51.015012690191,64.571428571429));
#1458 = CARTESIAN_POINT('',(-142.5,51.,64.785714285714));
#1459 = CARTESIAN_POINT('',(-142.5,51.,65.));
#1460 = CARTESIAN_POINT('',(-142.5,52.612701665379,63.5));
#1461 = CARTESIAN_POINT('',(-142.5,52.612701665379,63.714285714286));
#1462 = CARTESIAN_POINT('',(-142.5,52.624890354119,63.930441202461));
#1463 = CARTESIAN_POINT('',(-142.5,52.649839519418,64.147231918007));
#1464 = CARTESIAN_POINT('',(-142.5,52.689674002049,64.364402931983));
#1465 = CARTESIAN_POINT('',(-142.5,52.752265951253,64.579944407438));
#1466 = CARTESIAN_POINT('',(-142.5,52.845493562232,64.793991416309));
#1467 = CARTESIAN_POINT('',(-142.5,53.,65.));
#1468 = CARTESIAN_POINT('',(-141.,53.,63.5));
#1469 = CARTESIAN_POINT('',(-141.,53.,63.714285714286));
#1470 = CARTESIAN_POINT('',(-140.9785963584,53.,63.928571428571));
#1471 = CARTESIAN_POINT('',(-140.9356150558,53.,64.142857142857));
#1472 = CARTESIAN_POINT('',(-140.8704742494,53.,64.357142857143));
#1473 = CARTESIAN_POINT('',(-140.7796202688,53.,64.571428571429));
#1474 = CARTESIAN_POINT('',(-140.6607142857,53.,64.785714285714));
#1475 = CARTESIAN_POINT('',(-140.5,53.,65.));
#1476 = ADVANCED_FACE('',(#1477),#1498,.F.);
#1477 = FACE_BOUND('',#1478,.F.);
#1478 = EDGE_LOOP('',(#1479,#1480,#1491,#1497));
#1479 = ORIENTED_EDGE('',*,*,#1396,.T.);
#1480 = ORIENTED_EDGE('',*,*,#1481,.T.);
#1481 = EDGE_CURVE('',#1384,#1105,#1482,.T.);
#1482 = ( BOUNDED_CURVE() B_SPLINE_CURVE(7,(#1483,#1484,#1485,#1486,
    #1487,#1488,#1489,#1490),.UNSPECIFIED.,.F.,.F.) 
B_SPLINE_CURVE_WITH_KNOTS((8,8),(4.,5.5),.PIECEWISE_BEZIER_KNOTS.) CURVE
() GEOMETRIC_REPRESENTATION_ITEM() RATIONAL_B_SPLINE_CURVE((1.,1.,1.,1.,
1.,1.,1.,1.)) REPRESENTATION_ITEM('') );
#1483 = CARTESIAN_POINT('',(-141.,53.,-60.75));
#1484 = CARTESIAN_POINT('',(-141.,53.,-60.53571428571));
#1485 = CARTESIAN_POINT('',(-140.9785963584,53.,-60.32142857142));
#1486 = CARTESIAN_POINT('',(-140.9356150558,53.,-60.10714285714));
#1487 = CARTESIAN_POINT('',(-140.8704742494,53.,-59.89285714285));
#1488 = CARTESIAN_POINT('',(-140.7796202688,53.,-59.67857142857));
#1489 = CARTESIAN_POINT('',(-140.6607142857,53.,-59.46428571428));
#1490 = CARTESIAN_POINT('',(-140.5,53.,-59.25));
#1491 = ORIENTED_EDGE('',*,*,#1492,.F.);
#1492 = EDGE_CURVE('',#348,#1105,#1493,.T.);
#1493 = ( BOUNDED_CURVE() B_SPLINE_CURVE(2,(#1494,#1495,#1496),
.UNSPECIFIED.,.F.,.F.) B_SPLINE_CURVE_WITH_KNOTS((3,3),(0.,1.5),
.PIECEWISE_BEZIER_KNOTS.) CURVE() GEOMETRIC_REPRESENTATION_ITEM() 
RATIONAL_B_SPLINE_CURVE((1.,0.707106781187,1.)) REPRESENTATION_ITEM('') 
  );
#1494 = CARTESIAN_POINT('',(-142.5,51.,-59.25));
#1495 = CARTESIAN_POINT('',(-142.5,53.,-59.25));
#1496 = CARTESIAN_POINT('',(-140.5,53.,-59.25));
#1497 = ORIENTED_EDGE('',*,*,#355,.F.);
#1498 = ( BOUNDED_SURFACE() B_SPLINE_SURFACE(2,7,(
    (#1499,#1500,#1501,#1502,#1503,#1504,#1505,#1506)
    ,(#1507,#1508,#1509,#1510,#1511,#1512,#1513,#1514)
    ,(#1515,#1516,#1517,#1518,#1519,#1520,#1521,#1522
)),.UNSPECIFIED.,.F.,.F.,.F.) B_SPLINE_SURFACE_WITH_KNOTS((3,3),(8,8),(
    0.,1.5),(4.,5.5),.PIECEWISE_BEZIER_KNOTS.) 
GEOMETRIC_REPRESENTATION_ITEM() RATIONAL_B_SPLINE_SURFACE((
    (1.,1.,1.,1.,1.,1.,1.,1.)
    ,(0.790569415042,0.790569415042,0.787189780135,0.78037116525
      ,0.770034602914,0.755213050939,0.735517321502,0.707106781187)
,(1.,1.,1.,1.,1.,1.,1.,1.))) REPRESENTATION_ITEM('') SURFACE() );
#1499 = CARTESIAN_POINT('',(-142.5,51.063508326896,-60.75));
#1500 = CARTESIAN_POINT('',(-142.5,51.063508326896,-60.53571428571));
#1501 = CARTESIAN_POINT('',(-142.5,51.057945802173,-60.32142857142));
#1502 = CARTESIAN_POINT('',(-142.5,51.047027571629,-60.10714285714));
#1503 = CARTESIAN_POINT('',(-142.5,51.031366932219,-59.89285714285));
#1504 = CARTESIAN_POINT('',(-142.5,51.015012690191,-59.67857142857));
#1505 = CARTESIAN_POINT('',(-142.5,51.,-59.46428571428));
#1506 = CARTESIAN_POINT('',(-142.5,51.,-59.25));
#1507 = CARTESIAN_POINT('',(-142.5,52.612701665379,-60.75));
#1508 = CARTESIAN_POINT('',(-142.5,52.612701665379,-60.53571428571));
#1509 = CARTESIAN_POINT('',(-142.5,52.624890354119,-60.31955879753));
#1510 = CARTESIAN_POINT('',(-142.5,52.649839519418,-60.10276808199));
#1511 = CARTESIAN_POINT('',(-142.5,52.689674002049,-59.88559706801));
#1512 = CARTESIAN_POINT('',(-142.5,52.752265951253,-59.67005559256));
#1513 = CARTESIAN_POINT('',(-142.5,52.845493562232,-59.45600858369));
#1514 = CARTESIAN_POINT('',(-142.5,53.,-59.25));
#1515 = CARTESIAN_POINT('',(-141.,53.,-60.75));
#1516 = CARTESIAN_POINT('',(-141.,53.,-60.53571428571));
#1517 = CARTESIAN_POINT('',(-140.9785963584,53.,-60.32142857142));
#1518 = CARTESIAN_POINT('',(-140.9356150558,53.,-60.10714285714));
#1519 = CARTESIAN_POINT('',(-140.8704742494,53.,-59.89285714285));
#1520 = CARTESIAN_POINT('',(-140.7796202688,53.,-59.67857142857));
#1521 = CARTESIAN_POINT('',(-140.6607142857,53.,-59.46428571428));
#1522 = CARTESIAN_POINT('',(-140.5,53.,-59.25));
#1523 = ADVANCED_FACE('',(#1524),#1546,.F.);
#1524 = FACE_BOUND('',#1525,.F.);
#1525 = EDGE_LOOP('',(#1526,#1533,#1544,#1545));
#1526 = ORIENTED_EDGE('',*,*,#1527,.T.);
#1527 = EDGE_CURVE('',#335,#1114,#1528,.T.);
#1528 = CIRCLE('',#1529,2.);
#1529 = AXIS2_PLACEMENT_3D('',#1530,#1531,#1532);
#1530 = CARTESIAN_POINT('',(-140.5,51.,62.));
#1531 = DIRECTION('',(0.,0.,-1.));
#1532 = DIRECTION('',(-1.,0.,0.));
#1533 = ORIENTED_EDGE('',*,*,#1534,.T.);
#1534 = EDGE_CURVE('',#1114,#1432,#1535,.T.);
#1535 = ( BOUNDED_CURVE() B_SPLINE_CURVE(7,(#1536,#1537,#1538,#1539,
    #1540,#1541,#1542,#1543),.UNSPECIFIED.,.F.,.F.) 
B_SPLINE_CURVE_WITH_KNOTS((8,8),(126.75,128.25),
.PIECEWISE_BEZIER_KNOTS.) CURVE() GEOMETRIC_REPRESENTATION_ITEM() 
RATIONAL_B_SPLINE_CURVE((1.,1.,1.,1.,1.,1.,1.,1.)) REPRESENTATION_ITEM(
  '') );
#1536 = CARTESIAN_POINT('',(-140.5,53.,62.));
#1537 = CARTESIAN_POINT('',(-140.6607142857,53.,62.214285714286));
#1538 = CARTESIAN_POINT('',(-140.7796202688,53.,62.428571428571));
#1539 = CARTESIAN_POINT('',(-140.8704742494,53.,62.642857142857));
#1540 = CARTESIAN_POINT('',(-140.9356150558,53.,62.857142857143));
#1541 = CARTESIAN_POINT('',(-140.9785963584,53.,63.071428571429));
#1542 = CARTESIAN_POINT('',(-141.,53.,63.285714285714));
#1543 = CARTESIAN_POINT('',(-141.,53.,63.5));
#1544 = ORIENTED_EDGE('',*,*,#1431,.F.);
#1545 = ORIENTED_EDGE('',*,*,#334,.F.);
#1546 = ( BOUNDED_SURFACE() B_SPLINE_SURFACE(2,7,(
    (#1547,#1548,#1549,#1550,#1551,#1552,#1553,#1554)
    ,(#1555,#1556,#1557,#1558,#1559,#1560,#1561,#1562)
    ,(#1563,#1564,#1565,#1566,#1567,#1568,#1569,#1570
)),.UNSPECIFIED.,.F.,.F.,.F.) B_SPLINE_SURFACE_WITH_KNOTS((3,3),(8,8),(
    0.,1.5),(126.75,128.25),.PIECEWISE_BEZIER_KNOTS.) 
GEOMETRIC_REPRESENTATION_ITEM() RATIONAL_B_SPLINE_SURFACE((
    (1.,1.,1.,1.,1.,1.,1.,1.)
    ,(0.707106781187,0.735517321502,0.755213050939,0.770034602914
      ,0.78037116525,0.787189780135,0.790569415042,0.790569415042)
,(1.,1.,1.,1.,1.,1.,1.,1.))) REPRESENTATION_ITEM('') SURFACE() );
#1547 = CARTESIAN_POINT('',(-142.5,51.,62.));
#1548 = CARTESIAN_POINT('',(-142.5,51.,62.214285714286));
#1549 = CARTESIAN_POINT('',(-142.5,51.015012690191,62.428571428571));
#1550 = CARTESIAN_POINT('',(-142.5,51.031366932219,62.642857142857));
#1551 = CARTESIAN_POINT('',(-142.5,51.047027571629,62.857142857143));
#1552 = CARTESIAN_POINT('',(-142.5,51.057945802173,63.071428571429));
#1553 = CARTESIAN_POINT('',(-142.5,51.063508326896,63.285714285714));
#1554 = CARTESIAN_POINT('',(-142.5,51.063508326896,63.5));
#1555 = CARTESIAN_POINT('',(-142.5,53.,62.));
#1556 = CARTESIAN_POINT('',(-142.5,52.845493562232,62.206008583691));
#1557 = CARTESIAN_POINT('',(-142.5,52.752265951253,62.420055592562));
#1558 = CARTESIAN_POINT('',(-142.5,52.689674002049,62.635597068017));
#1559 = CARTESIAN_POINT('',(-142.5,52.649839519418,62.852768081993));
#1560 = CARTESIAN_POINT('',(-142.5,52.624890354119,63.069558797539));
#1561 = CARTESIAN_POINT('',(-142.5,52.612701665379,63.285714285714));
#1562 = CARTESIAN_POINT('',(-142.5,52.612701665379,63.5));
#1563 = CARTESIAN_POINT('',(-140.5,53.,62.));
#1564 = CARTESIAN_POINT('',(-140.6607142857,53.,62.214285714286));
#1565 = CARTESIAN_POINT('',(-140.7796202688,53.,62.428571428571));
#1566 = CARTESIAN_POINT('',(-140.8704742494,53.,62.642857142857));
#1567 = CARTESIAN_POINT('',(-140.9356150558,53.,62.857142857143));
#1568 = CARTESIAN_POINT('',(-140.9785963584,53.,63.071428571429));
#1569 = CARTESIAN_POINT('',(-141.,53.,63.285714285714));
#1570 = CARTESIAN_POINT('',(-141.,53.,63.5));
#1571 = ADVANCED_FACE('',(#1572),#1578,.T.);
#1572 = FACE_BOUND('',#1573,.F.);
#1573 = EDGE_LOOP('',(#1574,#1575,#1576,#1577));
#1574 = ORIENTED_EDGE('',*,*,#1492,.T.);
#1575 = ORIENTED_EDGE('',*,*,#1113,.T.);
#1576 = ORIENTED_EDGE('',*,*,#1527,.F.);
#1577 = ORIENTED_EDGE('',*,*,#347,.F.);
#1578 = CYLINDRICAL_SURFACE('',#1579,2.);
#1579 = AXIS2_PLACEMENT_3D('',#1580,#1581,#1582);
#1580 = CARTESIAN_POINT('',(-140.5,51.,-64.75));
#1581 = DIRECTION('',(0.,0.,1.));
#1582 = DIRECTION('',(-1.,0.,0.));
#1583 = ADVANCED_FACE('',(#1584),#1595,.T.);
#1584 = FACE_BOUND('',#1585,.F.);
#1585 = EDGE_LOOP('',(#1586,#1587,#1588));
#1586 = ORIENTED_EDGE('',*,*,#1349,.F.);
#1587 = ORIENTED_EDGE('',*,*,#405,.T.);
#1588 = ORIENTED_EDGE('',*,*,#1589,.F.);
#1589 = EDGE_CURVE('',#1350,#406,#1590,.T.);
#1590 = CIRCLE('',#1591,2.);
#1591 = AXIS2_PLACEMENT_3D('',#1592,#1593,#1594);
#1592 = CARTESIAN_POINT('',(-140.5,51.,-62.75));
#1593 = DIRECTION('',(-1.,0.,0.));
#1594 = DIRECTION('',(0.,1.,0.));
#1595 = SPHERICAL_SURFACE('',#1596,2.);
#1596 = AXIS2_PLACEMENT_3D('',#1597,#1598,#1599);
#1597 = CARTESIAN_POINT('',(-140.5,51.,-62.75));
#1598 = DIRECTION('',(1.,0.,0.));
#1599 = DIRECTION('',(0.,1.,0.));
#1600 = ADVANCED_FACE('',(#1601),#1613,.T.);
#1601 = FACE_BOUND('',#1602,.F.);
#1602 = EDGE_LOOP('',(#1603,#1604,#1605,#1606));
#1603 = ORIENTED_EDGE('',*,*,#482,.F.);
#1604 = ORIENTED_EDGE('',*,*,#594,.F.);
#1605 = ORIENTED_EDGE('',*,*,#1070,.T.);
#1606 = ORIENTED_EDGE('',*,*,#1607,.F.);
#1607 = EDGE_CURVE('',#469,#1071,#1608,.T.);
#1608 = CIRCLE('',#1609,2.);
#1609 = AXIS2_PLACEMENT_3D('',#1610,#1611,#1612);
#1610 = CARTESIAN_POINT('',(-5.5,51.,-62.75));
#1611 = DIRECTION('',(1.,-0.,0.));
#1612 = DIRECTION('',(0.,0.,-1.));
#1613 = CYLINDRICAL_SURFACE('',#1614,2.);
#1614 = AXIS2_PLACEMENT_3D('',#1615,#1616,#1617);
#1615 = CARTESIAN_POINT('',(142.5,51.,-62.75));
#1616 = DIRECTION('',(-1.,0.,0.));
#1617 = DIRECTION('',(0.,0.,-1.));
#1618 = ADVANCED_FACE('',(#1619),#1641,.F.);
#1619 = FACE_BOUND('',#1620,.F.);
#1620 = EDGE_LOOP('',(#1621,#1622,#1634,#1640));
#1621 = ORIENTED_EDGE('',*,*,#1607,.T.);
#1622 = ORIENTED_EDGE('',*,*,#1623,.T.);
#1623 = EDGE_CURVE('',#1071,#1088,#1624,.T.);
#1624 = ( BOUNDED_CURVE() B_SPLINE_CURVE(8,(#1625,#1626,#1627,#1628,
    #1629,#1630,#1631,#1632,#1633),.UNSPECIFIED.,.F.,.F.) 
B_SPLINE_CURVE_WITH_KNOTS((9,9),(148.,151.),.PIECEWISE_BEZIER_KNOTS.) 
CURVE() GEOMETRIC_REPRESENTATION_ITEM() RATIONAL_B_SPLINE_CURVE((1.,1.,
1.,1.,1.,1.,1.,1.,1.)) REPRESENTATION_ITEM('') );
#1625 = CARTESIAN_POINT('',(-5.5,53.,-62.75));
#1626 = CARTESIAN_POINT('',(-5.875,53.,-63.03125));
#1627 = CARTESIAN_POINT('',(-6.25,53.,-63.18721394436));
#1628 = CARTESIAN_POINT('',(-6.625,53.,-63.28555129892));
#1629 = CARTESIAN_POINT('',(-7.,53.,-63.30762031743));
#1630 = CARTESIAN_POINT('',(-7.375,53.,-63.28555129892));
#1631 = CARTESIAN_POINT('',(-7.75,53.,-63.18721394436));
#1632 = CARTESIAN_POINT('',(-8.125,53.,-63.03125));
#1633 = CARTESIAN_POINT('',(-8.5,53.,-62.75));
#1634 = ORIENTED_EDGE('',*,*,#1635,.F.);
#1635 = EDGE_CURVE('',#461,#1088,#1636,.T.);
#1636 = ( BOUNDED_CURVE() B_SPLINE_CURVE(2,(#1637,#1638,#1639),
.UNSPECIFIED.,.F.,.F.) B_SPLINE_CURVE_WITH_KNOTS((3,3),(0.,3.),
.PIECEWISE_BEZIER_KNOTS.) CURVE() GEOMETRIC_REPRESENTATION_ITEM() 
RATIONAL_B_SPLINE_CURVE((1.,0.707106781187,1.)) REPRESENTATION_ITEM('') 
  );
#1637 = CARTESIAN_POINT('',(-8.5,51.,-64.75));
#1638 = CARTESIAN_POINT('',(-8.5,53.,-64.75));
#1639 = CARTESIAN_POINT('',(-8.5,53.,-62.75));
#1640 = ORIENTED_EDGE('',*,*,#468,.F.);
#1641 = ( BOUNDED_SURFACE() B_SPLINE_SURFACE(2,8,(
    (#1642,#1643,#1644,#1645,#1646,#1647,#1648,#1649,#1650)
    ,(#1651,#1652,#1653,#1654,#1655,#1656,#1657,#1658,#1659)
    ,(#1660,#1661,#1662,#1663,#1664,#1665,#1666,#1667,#1668
)),.UNSPECIFIED.,.F.,.F.,.F.) B_SPLINE_SURFACE_WITH_KNOTS((3,3),(9,9),(
    0.,3.),(148.,151.),.PIECEWISE_BEZIER_KNOTS.) 
GEOMETRIC_REPRESENTATION_ITEM() RATIONAL_B_SPLINE_SURFACE((
    (1.,1.,1.,1.,1.,1.,1.,1.,1.)
    ,(0.707106781187,0.756825226739,0.780447808055,0.796783085523
      ,0.79881823653,0.796783085523,0.780447808055,0.756825226739
      ,0.707106781187)
,(1.,1.,1.,1.,1.,1.,1.,1.,1.))) REPRESENTATION_ITEM('') SURFACE() );
#1642 = CARTESIAN_POINT('',(-5.5,51.,-64.75));
#1643 = CARTESIAN_POINT('',(-5.875,51.,-64.75));
#1644 = CARTESIAN_POINT('',(-6.25,51.044872017982,-64.75));
#1645 = CARTESIAN_POINT('',(-6.625,51.067606005495,-64.75));
#1646 = CARTESIAN_POINT('',(-7.,51.088206170482,-64.75));
#1647 = CARTESIAN_POINT('',(-7.375,51.067606005495,-64.75));
#1648 = CARTESIAN_POINT('',(-7.75,51.044872017982,-64.75));
#1649 = CARTESIAN_POINT('',(-8.125,51.,-64.75));
#1650 = CARTESIAN_POINT('',(-8.5,51.,-64.75));
#1651 = CARTESIAN_POINT('',(-5.5,53.,-64.75));
#1652 = CARTESIAN_POINT('',(-5.850364963504,52.737226277372,-64.75));
#1653 = CARTESIAN_POINT('',(-6.233493970013,52.644635909813,-64.75));
#1654 = CARTESIAN_POINT('',(-6.612799024274,52.589500898295,-64.75));
#1655 = CARTESIAN_POINT('',(-7.,52.588023662736,-64.75));
#1656 = CARTESIAN_POINT('',(-7.387200975726,52.589500898295,-64.75));
#1657 = CARTESIAN_POINT('',(-7.766506029987,52.644635909813,-64.75));
#1658 = CARTESIAN_POINT('',(-8.149635036496,52.737226277372,-64.75));
#1659 = CARTESIAN_POINT('',(-8.5,53.,-64.75));
#1660 = CARTESIAN_POINT('',(-5.5,53.,-62.75));
#1661 = CARTESIAN_POINT('',(-5.875,53.,-63.03125));
#1662 = CARTESIAN_POINT('',(-6.25,53.,-63.18721394436));
#1663 = CARTESIAN_POINT('',(-6.625,53.,-63.28555129892));
#1664 = CARTESIAN_POINT('',(-7.,53.,-63.30762031743));
#1665 = CARTESIAN_POINT('',(-7.375,53.,-63.28555129892));
#1666 = CARTESIAN_POINT('',(-7.75,53.,-63.18721394436));
#1667 = CARTESIAN_POINT('',(-8.125,53.,-63.03125));
#1668 = CARTESIAN_POINT('',(-8.5,53.,-62.75));
#1669 = ADVANCED_FACE('',(#1670),#1682,.T.);
#1670 = FACE_BOUND('',#1671,.F.);
#1671 = EDGE_LOOP('',(#1672,#1673,#1674,#1681));
#1672 = ORIENTED_EDGE('',*,*,#1635,.T.);
#1673 = ORIENTED_EDGE('',*,*,#1096,.T.);
#1674 = ORIENTED_EDGE('',*,*,#1675,.F.);
#1675 = EDGE_CURVE('',#447,#1097,#1676,.T.);
#1676 = CIRCLE('',#1677,2.);
#1677 = AXIS2_PLACEMENT_3D('',#1678,#1679,#1680);
#1678 = CARTESIAN_POINT('',(-137.,51.,-62.75));
#1679 = DIRECTION('',(1.,-0.,0.));
#1680 = DIRECTION('',(0.,0.,-1.));
#1681 = ORIENTED_EDGE('',*,*,#460,.F.);
#1682 = CYLINDRICAL_SURFACE('',#1683,2.);
#1683 = AXIS2_PLACEMENT_3D('',#1684,#1685,#1686);
#1684 = CARTESIAN_POINT('',(142.5,51.,-62.75));
#1685 = DIRECTION('',(-1.,0.,0.));
#1686 = DIRECTION('',(0.,0.,-1.));
#1687 = ADVANCED_FACE('',(#1688),#1712,.F.);
#1688 = FACE_BOUND('',#1689,.F.);
#1689 = EDGE_LOOP('',(#1690,#1691,#1705,#1711));
#1690 = ORIENTED_EDGE('',*,*,#1675,.T.);
#1691 = ORIENTED_EDGE('',*,*,#1692,.T.);
#1692 = EDGE_CURVE('',#1097,#1693,#1695,.T.);
#1693 = VERTEX_POINT('',#1694);
#1694 = CARTESIAN_POINT('',(-140.,53.,-62.75));
#1695 = ( BOUNDED_CURVE() B_SPLINE_CURVE(8,(#1696,#1697,#1698,#1699,
    #1700,#1701,#1702,#1703,#1704),.UNSPECIFIED.,.F.,.F.) 
B_SPLINE_CURVE_WITH_KNOTS((9,9),(279.5,282.5),.PIECEWISE_BEZIER_KNOTS.) 
CURVE() GEOMETRIC_REPRESENTATION_ITEM() RATIONAL_B_SPLINE_CURVE((1.,1.,
1.,1.,1.,1.,1.,1.,1.)) REPRESENTATION_ITEM('') );
#1696 = CARTESIAN_POINT('',(-137.,53.,-62.75));
#1697 = CARTESIAN_POINT('',(-137.375,53.,-63.03125));
#1698 = CARTESIAN_POINT('',(-137.75,53.,-63.18721394436));
#1699 = CARTESIAN_POINT('',(-138.125,53.,-63.28555129892));
#1700 = CARTESIAN_POINT('',(-138.5,53.,-63.30762031743));
#1701 = CARTESIAN_POINT('',(-138.875,53.,-63.28555129892));
#1702 = CARTESIAN_POINT('',(-139.25,53.,-63.18721394436));
#1703 = CARTESIAN_POINT('',(-139.625,53.,-63.03125));
#1704 = CARTESIAN_POINT('',(-140.,53.,-62.75));
#1705 = ORIENTED_EDGE('',*,*,#1706,.F.);
#1706 = EDGE_CURVE('',#439,#1693,#1707,.T.);
#1707 = ( BOUNDED_CURVE() B_SPLINE_CURVE(2,(#1708,#1709,#1710),
.UNSPECIFIED.,.F.,.F.) B_SPLINE_CURVE_WITH_KNOTS((3,3),(0.,3.),
.PIECEWISE_BEZIER_KNOTS.) CURVE() GEOMETRIC_REPRESENTATION_ITEM() 
RATIONAL_B_SPLINE_CURVE((1.,0.707106781187,1.)) REPRESENTATION_ITEM('') 
  );
#1708 = CARTESIAN_POINT('',(-140.,51.,-64.75));
#1709 = CARTESIAN_POINT('',(-140.,53.,-64.75));
#1710 = CARTESIAN_POINT('',(-140.,53.,-62.75));
#1711 = ORIENTED_EDGE('',*,*,#446,.F.);
#1712 = ( BOUNDED_SURFACE() B_SPLINE_SURFACE(2,8,(
    (#1713,#1714,#1715,#1716,#1717,#1718,#1719,#1720,#1721)
    ,(#1722,#1723,#1724,#1725,#1726,#1727,#1728,#1729,#1730)
    ,(#1731,#1732,#1733,#1734,#1735,#1736,#1737,#1738,#1739
)),.UNSPECIFIED.,.F.,.F.,.F.) B_SPLINE_SURFACE_WITH_KNOTS((3,3),(9,9),(
    0.,3.),(279.5,282.5),.PIECEWISE_BEZIER_KNOTS.) 
GEOMETRIC_REPRESENTATION_ITEM() RATIONAL_B_SPLINE_SURFACE((
    (1.,1.,1.,1.,1.,1.,1.,1.,1.)
    ,(0.707106781187,0.756825226739,0.780447808055,0.796783085523
      ,0.79881823653,0.796783085523,0.780447808055,0.756825226739
      ,0.707106781187)
,(1.,1.,1.,1.,1.,1.,1.,1.,1.))) REPRESENTATION_ITEM('') SURFACE() );
#1713 = CARTESIAN_POINT('',(-137.,51.,-64.75));
#1714 = CARTESIAN_POINT('',(-137.375,51.,-64.75));
#1715 = CARTESIAN_POINT('',(-137.75,51.044872017982,-64.75));
#1716 = CARTESIAN_POINT('',(-138.125,51.067606005495,-64.75));
#1717 = CARTESIAN_POINT('',(-138.5,51.088206170482,-64.75));
#1718 = CARTESIAN_POINT('',(-138.875,51.067606005495,-64.75));
#1719 = CARTESIAN_POINT('',(-139.25,51.044872017982,-64.75));
#1720 = CARTESIAN_POINT('',(-139.625,51.,-64.75));
#1721 = CARTESIAN_POINT('',(-140.,51.,-64.75));
#1722 = CARTESIAN_POINT('',(-137.,53.,-64.75));
#1723 = CARTESIAN_POINT('',(-137.3503649635,52.737226277372,-64.75));
#1724 = CARTESIAN_POINT('',(-137.73349397,52.644635909813,-64.75));
#1725 = CARTESIAN_POINT('',(-138.1127990242,52.589500898295,-64.75));
#1726 = CARTESIAN_POINT('',(-138.5,52.588023662736,-64.75));
#1727 = CARTESIAN_POINT('',(-138.8872009757,52.589500898295,-64.75));
#1728 = CARTESIAN_POINT('',(-139.2665060299,52.644635909813,-64.75));
#1729 = CARTESIAN_POINT('',(-139.6496350364,52.737226277372,-64.75));
#1730 = CARTESIAN_POINT('',(-140.,53.,-64.75));
#1731 = CARTESIAN_POINT('',(-137.,53.,-62.75));
#1732 = CARTESIAN_POINT('',(-137.375,53.,-63.03125));
#1733 = CARTESIAN_POINT('',(-137.75,53.,-63.18721394436));
#1734 = CARTESIAN_POINT('',(-138.125,53.,-63.28555129892));
#1735 = CARTESIAN_POINT('',(-138.5,53.,-63.30762031743));
#1736 = CARTESIAN_POINT('',(-138.875,53.,-63.28555129892));
#1737 = CARTESIAN_POINT('',(-139.25,53.,-63.18721394436));
#1738 = CARTESIAN_POINT('',(-139.625,53.,-63.03125));
#1739 = CARTESIAN_POINT('',(-140.,53.,-62.75));
#1740 = ADVANCED_FACE('',(#1741),#1752,.T.);
#1741 = FACE_BOUND('',#1742,.F.);
#1742 = EDGE_LOOP('',(#1743,#1744,#1750,#1751));
#1743 = ORIENTED_EDGE('',*,*,#1706,.T.);
#1744 = ORIENTED_EDGE('',*,*,#1745,.T.);
#1745 = EDGE_CURVE('',#1693,#1350,#1746,.T.);
#1746 = LINE('',#1747,#1748);
#1747 = CARTESIAN_POINT('',(142.5,53.,-62.75));
#1748 = VECTOR('',#1749,1.);
#1749 = DIRECTION('',(-1.,0.,0.));
#1750 = ORIENTED_EDGE('',*,*,#1589,.T.);
#1751 = ORIENTED_EDGE('',*,*,#438,.F.);
#1752 = CYLINDRICAL_SURFACE('',#1753,2.);
#1753 = AXIS2_PLACEMENT_3D('',#1754,#1755,#1756);
#1754 = CARTESIAN_POINT('',(142.5,51.,-62.75));
#1755 = DIRECTION('',(-1.,0.,0.));
#1756 = DIRECTION('',(0.,0.,-1.));
#1757 = ADVANCED_FACE('',(#1758,#1793,#1804,#1815,#1826,#1837),#1848,.F.
  );
#1758 = FACE_BOUND('',#1759,.F.);
#1759 = EDGE_LOOP('',(#1760,#1761,#1762,#1770,#1778,#1784,#1785,#1786,
    #1787,#1788,#1789,#1790,#1791,#1792));
#1760 = ORIENTED_EDGE('',*,*,#882,.F.);
#1761 = ORIENTED_EDGE('',*,*,#570,.F.);
#1762 = ORIENTED_EDGE('',*,*,#1763,.T.);
#1763 = EDGE_CURVE('',#563,#1764,#1766,.T.);
#1764 = VERTEX_POINT('',#1765);
#1765 = CARTESIAN_POINT('',(-8.5,49.,15.));
#1766 = LINE('',#1767,#1768);
#1767 = CARTESIAN_POINT('',(29.5,49.,15.));
#1768 = VECTOR('',#1769,1.);
#1769 = DIRECTION('',(-1.,0.,0.));
#1770 = ORIENTED_EDGE('',*,*,#1771,.T.);
#1771 = EDGE_CURVE('',#1764,#1772,#1774,.T.);
#1772 = VERTEX_POINT('',#1773);
#1773 = CARTESIAN_POINT('',(-8.5,49.,-40.));
#1774 = LINE('',#1775,#1776);
#1775 = CARTESIAN_POINT('',(-8.5,49.,15.));
#1776 = VECTOR('',#1777,1.);
#1777 = DIRECTION('',(0.,0.,-1.));
#1778 = ORIENTED_EDGE('',*,*,#1779,.T.);
#1779 = EDGE_CURVE('',#1772,#507,#1780,.T.);
#1780 = LINE('',#1781,#1782);
#1781 = CARTESIAN_POINT('',(-8.5,49.,-40.));
#1782 = VECTOR('',#1783,1.);
#1783 = DIRECTION('',(1.,0.,0.));
#1784 = ORIENTED_EDGE('',*,*,#506,.F.);
#1785 = ORIENTED_EDGE('',*,*,#677,.T.);
#1786 = ORIENTED_EDGE('',*,*,#709,.F.);
#1787 = ORIENTED_EDGE('',*,*,#731,.F.);
#1788 = ORIENTED_EDGE('',*,*,#755,.F.);
#1789 = ORIENTED_EDGE('',*,*,#780,.F.);
#1790 = ORIENTED_EDGE('',*,*,#804,.F.);
#1791 = ORIENTED_EDGE('',*,*,#829,.F.);
#1792 = ORIENTED_EDGE('',*,*,#866,.F.);
#1793 = FACE_BOUND('',#1794,.F.);
#1794 = EDGE_LOOP('',(#1795));
#1795 = ORIENTED_EDGE('',*,*,#1796,.T.);
#1796 = EDGE_CURVE('',#1797,#1797,#1799,.T.);
#1797 = VERTEX_POINT('',#1798);
#1798 = CARTESIAN_POINT('',(-129.5,49.,-8.5));
#1799 = CIRCLE('',#1800,1.);
#1800 = AXIS2_PLACEMENT_3D('',#1801,#1802,#1803);
#1801 = CARTESIAN_POINT('',(-130.5,49.,-8.5));
#1802 = DIRECTION('',(0.,-1.,2.2E-16));
#1803 = DIRECTION('',(1.,0.,0.));
#1804 = FACE_BOUND('',#1805,.F.);
#1805 = EDGE_LOOP('',(#1806));
#1806 = ORIENTED_EDGE('',*,*,#1807,.T.);
#1807 = EDGE_CURVE('',#1808,#1808,#1810,.T.);
#1808 = VERTEX_POINT('',#1809);
#1809 = CARTESIAN_POINT('',(-97.5,49.,-8.5));
#1810 = CIRCLE('',#1811,1.);
#1811 = AXIS2_PLACEMENT_3D('',#1812,#1813,#1814);
#1812 = CARTESIAN_POINT('',(-98.5,49.,-8.5));
#1813 = DIRECTION('',(0.,-1.,2.2E-16));
#1814 = DIRECTION('',(1.,0.,0.));
#1815 = FACE_BOUND('',#1816,.F.);
#1816 = EDGE_LOOP('',(#1817));
#1817 = ORIENTED_EDGE('',*,*,#1818,.T.);
#1818 = EDGE_CURVE('',#1819,#1819,#1821,.T.);
#1819 = VERTEX_POINT('',#1820);
#1820 = CARTESIAN_POINT('',(-95.,49.,7.5));
#1821 = CIRCLE('',#1822,19.5);
#1822 = AXIS2_PLACEMENT_3D('',#1823,#1824,#1825);
#1823 = CARTESIAN_POINT('',(-114.5,49.,7.5));
#1824 = DIRECTION('',(0.,-1.,2.2E-16));
#1825 = DIRECTION('',(1.,0.,0.));
#1826 = FACE_BOUND('',#1827,.F.);
#1827 = EDGE_LOOP('',(#1828));
#1828 = ORIENTED_EDGE('',*,*,#1829,.T.);
#1829 = EDGE_CURVE('',#1830,#1830,#1832,.T.);
#1830 = VERTEX_POINT('',#1831);
#1831 = CARTESIAN_POINT('',(-129.5,49.,23.5));
#1832 = CIRCLE('',#1833,1.);
#1833 = AXIS2_PLACEMENT_3D('',#1834,#1835,#1836);
#1834 = CARTESIAN_POINT('',(-130.5,49.,23.5));
#1835 = DIRECTION('',(0.,-1.,2.2E-16));
#1836 = DIRECTION('',(1.,0.,0.));
#1837 = FACE_BOUND('',#1838,.F.);
#1838 = EDGE_LOOP('',(#1839));
#1839 = ORIENTED_EDGE('',*,*,#1840,.T.);
#1840 = EDGE_CURVE('',#1841,#1841,#1843,.T.);
#1841 = VERTEX_POINT('',#1842);
#1842 = CARTESIAN_POINT('',(-97.5,49.,23.5));
#1843 = CIRCLE('',#1844,1.);
#1844 = AXIS2_PLACEMENT_3D('',#1845,#1846,#1847);
#1845 = CARTESIAN_POINT('',(-98.5,49.,23.5));
#1846 = DIRECTION('',(0.,-1.,2.2E-16));
#1847 = DIRECTION('',(1.,0.,0.));
#1848 = PLANE('',#1849);
#1849 = AXIS2_PLACEMENT_3D('',#1850,#1851,#1852);
#1850 = CARTESIAN_POINT('',(0.,49.,1.375));
#1851 = DIRECTION('',(0.,1.,0.));
#1852 = DIRECTION('',(0.,0.,1.));
#1853 = ADVANCED_FACE('',(#1854),#1872,.F.);
#1854 = FACE_BOUND('',#1855,.F.);
#1855 = EDGE_LOOP('',(#1856,#1857,#1858,#1866));
#1856 = ORIENTED_EDGE('',*,*,#1763,.F.);
#1857 = ORIENTED_EDGE('',*,*,#562,.F.);
#1858 = ORIENTED_EDGE('',*,*,#1859,.T.);
#1859 = EDGE_CURVE('',#555,#1860,#1862,.T.);
#1860 = VERTEX_POINT('',#1861);
#1861 = CARTESIAN_POINT('',(-8.5,49.2,15.));
#1862 = LINE('',#1863,#1864);
#1863 = CARTESIAN_POINT('',(29.5,49.2,15.));
#1864 = VECTOR('',#1865,1.);
#1865 = DIRECTION('',(-1.,0.,0.));
#1866 = ORIENTED_EDGE('',*,*,#1867,.F.);
#1867 = EDGE_CURVE('',#1764,#1860,#1868,.T.);
#1868 = LINE('',#1869,#1870);
#1869 = CARTESIAN_POINT('',(-8.5,49.,15.));
#1870 = VECTOR('',#1871,1.);
#1871 = DIRECTION('',(0.,1.,-2.2E-16));
#1872 = PLANE('',#1873);
#1873 = AXIS2_PLACEMENT_3D('',#1874,#1875,#1876);
#1874 = CARTESIAN_POINT('',(29.5,49.,15.));
#1875 = DIRECTION('',(0.,2.2E-16,1.));
#1876 = DIRECTION('',(-1.,0.,0.));
#1877 = ADVANCED_FACE('',(#1878),#1919,.F.);
#1878 = FACE_BOUND('',#1879,.F.);
#1879 = EDGE_LOOP('',(#1880,#1888,#1889,#1890,#1898,#1906,#1912,#1913));
#1880 = ORIENTED_EDGE('',*,*,#1881,.F.);
#1881 = EDGE_CURVE('',#1860,#1882,#1884,.T.);
#1882 = VERTEX_POINT('',#1883);
#1883 = CARTESIAN_POINT('',(-8.5,49.2,-40.));
#1884 = LINE('',#1885,#1886);
#1885 = CARTESIAN_POINT('',(-8.5,49.2,15.));
#1886 = VECTOR('',#1887,1.);
#1887 = DIRECTION('',(0.,0.,-1.));
#1888 = ORIENTED_EDGE('',*,*,#1859,.F.);
#1889 = ORIENTED_EDGE('',*,*,#554,.F.);
#1890 = ORIENTED_EDGE('',*,*,#1891,.T.);
#1891 = EDGE_CURVE('',#547,#1892,#1894,.T.);
#1892 = VERTEX_POINT('',#1893);
#1893 = CARTESIAN_POINT('',(-7.500000000016,49.2,14.000000000016));
#1894 = LINE('',#1895,#1896);
#1895 = CARTESIAN_POINT('',(28.5,49.2,14.000000000016));
#1896 = VECTOR('',#1897,1.);
#1897 = DIRECTION('',(-1.,0.,0.));
#1898 = ORIENTED_EDGE('',*,*,#1899,.T.);
#1899 = EDGE_CURVE('',#1892,#1900,#1902,.T.);
#1900 = VERTEX_POINT('',#1901);
#1901 = CARTESIAN_POINT('',(-7.500000000016,49.2,-39.));
#1902 = LINE('',#1903,#1904);
#1903 = CARTESIAN_POINT('',(-7.500000000016,49.2,14.000000000016));
#1904 = VECTOR('',#1905,1.);
#1905 = DIRECTION('',(0.,0.,-1.));
#1906 = ORIENTED_EDGE('',*,*,#1907,.T.);
#1907 = EDGE_CURVE('',#1900,#523,#1908,.T.);
#1908 = LINE('',#1909,#1910);
#1909 = CARTESIAN_POINT('',(-7.500000000016,49.2,-39.));
#1910 = VECTOR('',#1911,1.);
#1911 = DIRECTION('',(1.,0.,0.));
#1912 = ORIENTED_EDGE('',*,*,#522,.F.);
#1913 = ORIENTED_EDGE('',*,*,#1914,.F.);
#1914 = EDGE_CURVE('',#1882,#515,#1915,.T.);
#1915 = LINE('',#1916,#1917);
#1916 = CARTESIAN_POINT('',(-8.5,49.2,-40.));
#1917 = VECTOR('',#1918,1.);
#1918 = DIRECTION('',(1.,0.,0.));
#1919 = PLANE('',#1920);
#1920 = AXIS2_PLACEMENT_3D('',#1921,#1922,#1923);
#1921 = CARTESIAN_POINT('',(10.499999999996,49.2,-12.49999999999));
#1922 = DIRECTION('',(0.,1.,0.));
#1923 = DIRECTION('',(0.,0.,1.));
#1924 = ADVANCED_FACE('',(#1925),#1943,.T.);
#1925 = FACE_BOUND('',#1926,.T.);
#1926 = EDGE_LOOP('',(#1927,#1935,#1936,#1937));
#1927 = ORIENTED_EDGE('',*,*,#1928,.F.);
#1928 = EDGE_CURVE('',#539,#1929,#1931,.T.);
#1929 = VERTEX_POINT('',#1930);
#1930 = CARTESIAN_POINT('',(-7.500000000016,49.,14.000000000016));
#1931 = LINE('',#1932,#1933);
#1932 = CARTESIAN_POINT('',(28.5,49.,14.000000000016));
#1933 = VECTOR('',#1934,1.);
#1934 = DIRECTION('',(-1.,0.,0.));
#1935 = ORIENTED_EDGE('',*,*,#546,.F.);
#1936 = ORIENTED_EDGE('',*,*,#1891,.T.);
#1937 = ORIENTED_EDGE('',*,*,#1938,.F.);
#1938 = EDGE_CURVE('',#1929,#1892,#1939,.T.);
#1939 = LINE('',#1940,#1941);
#1940 = CARTESIAN_POINT('',(-7.500000000016,49.,14.000000000016));
#1941 = VECTOR('',#1942,1.);
#1942 = DIRECTION('',(0.,1.,-2.2E-16));
#1943 = PLANE('',#1944);
#1944 = AXIS2_PLACEMENT_3D('',#1945,#1946,#1947);
#1945 = CARTESIAN_POINT('',(28.5,49.,14.000000000016));
#1946 = DIRECTION('',(0.,2.2E-16,1.));
#1947 = DIRECTION('',(-1.,0.,0.));
#1948 = ADVANCED_FACE('',(#1949),#1967,.F.);
#1949 = FACE_BOUND('',#1950,.F.);
#1950 = EDGE_LOOP('',(#1951,#1959,#1960,#1961));
#1951 = ORIENTED_EDGE('',*,*,#1952,.F.);
#1952 = EDGE_CURVE('',#1929,#1953,#1955,.T.);
#1953 = VERTEX_POINT('',#1954);
#1954 = CARTESIAN_POINT('',(-7.500000000016,49.,-39.));
#1955 = LINE('',#1956,#1957);
#1956 = CARTESIAN_POINT('',(-7.500000000016,49.,14.000000000016));
#1957 = VECTOR('',#1958,1.);
#1958 = DIRECTION('',(0.,0.,-1.));
#1959 = ORIENTED_EDGE('',*,*,#1928,.F.);
#1960 = ORIENTED_EDGE('',*,*,#538,.F.);
#1961 = ORIENTED_EDGE('',*,*,#1962,.F.);
#1962 = EDGE_CURVE('',#1953,#531,#1963,.T.);
#1963 = LINE('',#1964,#1965);
#1964 = CARTESIAN_POINT('',(-7.500000000016,49.,-39.));
#1965 = VECTOR('',#1966,1.);
#1966 = DIRECTION('',(1.,0.,0.));
#1967 = PLANE('',#1968);
#1968 = AXIS2_PLACEMENT_3D('',#1969,#1970,#1971);
#1969 = CARTESIAN_POINT('',(0.,49.,1.375));
#1970 = DIRECTION('',(0.,1.,0.));
#1971 = DIRECTION('',(0.,0.,1.));
#1972 = ADVANCED_FACE('',(#1973),#1984,.T.);
#1973 = FACE_BOUND('',#1974,.T.);
#1974 = EDGE_LOOP('',(#1975,#1976,#1982,#1983));
#1975 = ORIENTED_EDGE('',*,*,#1962,.F.);
#1976 = ORIENTED_EDGE('',*,*,#1977,.T.);
#1977 = EDGE_CURVE('',#1953,#1900,#1978,.T.);
#1978 = LINE('',#1979,#1980);
#1979 = CARTESIAN_POINT('',(-7.500000000016,49.,-39.));
#1980 = VECTOR('',#1981,1.);
#1981 = DIRECTION('',(0.,1.,-2.2E-16));
#1982 = ORIENTED_EDGE('',*,*,#1907,.T.);
#1983 = ORIENTED_EDGE('',*,*,#530,.F.);
#1984 = PLANE('',#1985);
#1985 = AXIS2_PLACEMENT_3D('',#1986,#1987,#1988);
#1986 = CARTESIAN_POINT('',(-7.500000000016,49.,-39.));
#1987 = DIRECTION('',(0.,-2.2E-16,-1.));
#1988 = DIRECTION('',(1.,0.,0.));
#1989 = ADVANCED_FACE('',(#1990),#2001,.F.);
#1990 = FACE_BOUND('',#1991,.F.);
#1991 = EDGE_LOOP('',(#1992,#1993,#1999,#2000));
#1992 = ORIENTED_EDGE('',*,*,#1779,.F.);
#1993 = ORIENTED_EDGE('',*,*,#1994,.T.);
#1994 = EDGE_CURVE('',#1772,#1882,#1995,.T.);
#1995 = LINE('',#1996,#1997);
#1996 = CARTESIAN_POINT('',(-8.5,49.,-40.));
#1997 = VECTOR('',#1998,1.);
#1998 = DIRECTION('',(0.,1.,-2.2E-16));
#1999 = ORIENTED_EDGE('',*,*,#1914,.T.);
#2000 = ORIENTED_EDGE('',*,*,#514,.F.);
#2001 = PLANE('',#2002);
#2002 = AXIS2_PLACEMENT_3D('',#2003,#2004,#2005);
#2003 = CARTESIAN_POINT('',(-8.5,49.,-40.));
#2004 = DIRECTION('',(0.,-2.2E-16,-1.));
#2005 = DIRECTION('',(1.,0.,0.));
#2006 = ADVANCED_FACE('',(#2007),#2026,.F.);
#2007 = FACE_BOUND('',#2008,.F.);
#2008 = EDGE_LOOP('',(#2009,#2010,#2018,#2025));
#2009 = ORIENTED_EDGE('',*,*,#603,.F.);
#2010 = ORIENTED_EDGE('',*,*,#2011,.T.);
#2011 = EDGE_CURVE('',#604,#2012,#2014,.T.);
#2012 = VERTEX_POINT('',#2013);
#2013 = CARTESIAN_POINT('',(-10.,51.000000000005,58.5));
#2014 = LINE('',#2015,#2016);
#2015 = CARTESIAN_POINT('',(10.,51.000000000005,58.5));
#2016 = VECTOR('',#2017,1.);
#2017 = DIRECTION('',(-1.,-0.,-0.));
#2018 = ORIENTED_EDGE('',*,*,#2019,.T.);
#2019 = EDGE_CURVE('',#2012,#2012,#2020,.T.);
#2020 = CIRCLE('',#2021,1.);
#2021 = AXIS2_PLACEMENT_3D('',#2022,#2023,#2024);
#2022 = CARTESIAN_POINT('',(-10.,50.000000000005,58.5));
#2023 = DIRECTION('',(1.,0.,0.));
#2024 = DIRECTION('',(0.,1.,0.));
#2025 = ORIENTED_EDGE('',*,*,#2011,.F.);
#2026 = CYLINDRICAL_SURFACE('',#2027,1.);
#2027 = AXIS2_PLACEMENT_3D('',#2028,#2029,#2030);
#2028 = CARTESIAN_POINT('',(10.,50.000000000005,58.5));
#2029 = DIRECTION('',(1.,0.,0.));
#2030 = DIRECTION('',(0.,1.,0.));
#2031 = ADVANCED_FACE('',(#2032),#2051,.F.);
#2032 = FACE_BOUND('',#2033,.F.);
#2033 = EDGE_LOOP('',(#2034,#2035,#2043,#2050));
#2034 = ORIENTED_EDGE('',*,*,#614,.F.);
#2035 = ORIENTED_EDGE('',*,*,#2036,.T.);
#2036 = EDGE_CURVE('',#615,#2037,#2039,.T.);
#2037 = VERTEX_POINT('',#2038);
#2038 = CARTESIAN_POINT('',(-10.,52.,20.416666666686));
#2039 = LINE('',#2040,#2041);
#2040 = CARTESIAN_POINT('',(10.,52.,20.416666666686));
#2041 = VECTOR('',#2042,1.);
#2042 = DIRECTION('',(-1.,-0.,-0.));
#2043 = ORIENTED_EDGE('',*,*,#2044,.T.);
#2044 = EDGE_CURVE('',#2037,#2037,#2045,.T.);
#2045 = CIRCLE('',#2046,1.);
#2046 = AXIS2_PLACEMENT_3D('',#2047,#2048,#2049);
#2047 = CARTESIAN_POINT('',(-10.,51.,20.416666666686));
#2048 = DIRECTION('',(1.,0.,0.));
#2049 = DIRECTION('',(0.,1.,0.));
#2050 = ORIENTED_EDGE('',*,*,#2036,.F.);
#2051 = CYLINDRICAL_SURFACE('',#2052,1.);
#2052 = AXIS2_PLACEMENT_3D('',#2053,#2054,#2055);
#2053 = CARTESIAN_POINT('',(10.,51.,20.416666666686));
#2054 = DIRECTION('',(1.,0.,0.));
#2055 = DIRECTION('',(0.,1.,0.));
#2056 = ADVANCED_FACE('',(#2057),#2076,.F.);
#2057 = FACE_BOUND('',#2058,.F.);
#2058 = EDGE_LOOP('',(#2059,#2060,#2068,#2075));
#2059 = ORIENTED_EDGE('',*,*,#625,.F.);
#2060 = ORIENTED_EDGE('',*,*,#2061,.T.);
#2061 = EDGE_CURVE('',#626,#2062,#2064,.T.);
#2062 = VERTEX_POINT('',#2063);
#2063 = CARTESIAN_POINT('',(-10.,52.,-17.66666666665));
#2064 = LINE('',#2065,#2066);
#2065 = CARTESIAN_POINT('',(10.,52.,-17.66666666665));
#2066 = VECTOR('',#2067,1.);
#2067 = DIRECTION('',(-1.,-0.,-0.));
#2068 = ORIENTED_EDGE('',*,*,#2069,.T.);
#2069 = EDGE_CURVE('',#2062,#2062,#2070,.T.);
#2070 = CIRCLE('',#2071,1.);
#2071 = AXIS2_PLACEMENT_3D('',#2072,#2073,#2074);
#2072 = CARTESIAN_POINT('',(-10.,51.,-17.66666666665));
#2073 = DIRECTION('',(1.,0.,0.));
#2074 = DIRECTION('',(0.,1.,0.));
#2075 = ORIENTED_EDGE('',*,*,#2061,.F.);
#2076 = CYLINDRICAL_SURFACE('',#2077,1.);
#2077 = AXIS2_PLACEMENT_3D('',#2078,#2079,#2080);
#2078 = CARTESIAN_POINT('',(10.,51.,-17.66666666665));
#2079 = DIRECTION('',(1.,0.,0.));
#2080 = DIRECTION('',(0.,1.,0.));
#2081 = ADVANCED_FACE('',(#2082),#2101,.F.);
#2082 = FACE_BOUND('',#2083,.F.);
#2083 = EDGE_LOOP('',(#2084,#2085,#2093,#2100));
#2084 = ORIENTED_EDGE('',*,*,#636,.F.);
#2085 = ORIENTED_EDGE('',*,*,#2086,.T.);
#2086 = EDGE_CURVE('',#637,#2087,#2089,.T.);
#2087 = VERTEX_POINT('',#2088);
#2088 = CARTESIAN_POINT('',(-10.,52.,-55.75000000002));
#2089 = LINE('',#2090,#2091);
#2090 = CARTESIAN_POINT('',(10.,52.,-55.75000000002));
#2091 = VECTOR('',#2092,1.);
#2092 = DIRECTION('',(-1.,-0.,-0.));
#2093 = ORIENTED_EDGE('',*,*,#2094,.T.);
#2094 = EDGE_CURVE('',#2087,#2087,#2095,.T.);
#2095 = CIRCLE('',#2096,1.);
#2096 = AXIS2_PLACEMENT_3D('',#2097,#2098,#2099);
#2097 = CARTESIAN_POINT('',(-10.,51.,-55.75000000002));
#2098 = DIRECTION('',(1.,0.,0.));
#2099 = DIRECTION('',(0.,1.,0.));
#2100 = ORIENTED_EDGE('',*,*,#2086,.F.);
#2101 = CYLINDRICAL_SURFACE('',#2102,1.);
#2102 = AXIS2_PLACEMENT_3D('',#2103,#2104,#2105);
#2103 = CARTESIAN_POINT('',(10.,51.,-55.75000000002));
#2104 = DIRECTION('',(1.,0.,0.));
#2105 = DIRECTION('',(0.,1.,0.));
#2106 = ADVANCED_FACE('',(#2107),#2126,.F.);
#2107 = FACE_BOUND('',#2108,.F.);
#2108 = EDGE_LOOP('',(#2109,#2110,#2118,#2125));
#2109 = ORIENTED_EDGE('',*,*,#647,.F.);
#2110 = ORIENTED_EDGE('',*,*,#2111,.T.);
#2111 = EDGE_CURVE('',#648,#2112,#2114,.T.);
#2112 = VERTEX_POINT('',#2113);
#2113 = CARTESIAN_POINT('',(-10.,43.,58.5));
#2114 = LINE('',#2115,#2116);
#2115 = CARTESIAN_POINT('',(10.,43.,58.5));
#2116 = VECTOR('',#2117,1.);
#2117 = DIRECTION('',(-1.,-0.,-0.));
#2118 = ORIENTED_EDGE('',*,*,#2119,.T.);
#2119 = EDGE_CURVE('',#2112,#2112,#2120,.T.);
#2120 = CIRCLE('',#2121,1.);
#2121 = AXIS2_PLACEMENT_3D('',#2122,#2123,#2124);
#2122 = CARTESIAN_POINT('',(-10.,42.,58.5));
#2123 = DIRECTION('',(1.,0.,0.));
#2124 = DIRECTION('',(0.,1.,0.));
#2125 = ORIENTED_EDGE('',*,*,#2111,.F.);
#2126 = CYLINDRICAL_SURFACE('',#2127,1.);
#2127 = AXIS2_PLACEMENT_3D('',#2128,#2129,#2130);
#2128 = CARTESIAN_POINT('',(10.,42.,58.5));
#2129 = DIRECTION('',(1.,0.,0.));
#2130 = DIRECTION('',(0.,1.,0.));
#2131 = ADVANCED_FACE('',(#2132),#2151,.F.);
#2132 = FACE_BOUND('',#2133,.F.);
#2133 = EDGE_LOOP('',(#2134,#2135,#2143,#2150));
#2134 = ORIENTED_EDGE('',*,*,#658,.F.);
#2135 = ORIENTED_EDGE('',*,*,#2136,.T.);
#2136 = EDGE_CURVE('',#659,#2137,#2139,.T.);
#2137 = VERTEX_POINT('',#2138);
#2138 = CARTESIAN_POINT('',(-10.,43.000000000025,-55.75000000002));
#2139 = LINE('',#2140,#2141);
#2140 = CARTESIAN_POINT('',(10.,43.000000000025,-55.75000000002));
#2141 = VECTOR('',#2142,1.);
#2142 = DIRECTION('',(-1.,-0.,-0.));
#2143 = ORIENTED_EDGE('',*,*,#2144,.T.);
#2144 = EDGE_CURVE('',#2137,#2137,#2145,.T.);
#2145 = CIRCLE('',#2146,1.);
#2146 = AXIS2_PLACEMENT_3D('',#2147,#2148,#2149);
#2147 = CARTESIAN_POINT('',(-10.,42.000000000025,-55.75000000002));
#2148 = DIRECTION('',(1.,0.,0.));
#2149 = DIRECTION('',(0.,1.,0.));
#2150 = ORIENTED_EDGE('',*,*,#2136,.F.);
#2151 = CYLINDRICAL_SURFACE('',#2152,1.);
#2152 = AXIS2_PLACEMENT_3D('',#2153,#2154,#2155);
#2153 = CARTESIAN_POINT('',(10.,42.000000000025,-55.75000000002));
#2154 = DIRECTION('',(1.,0.,0.));
#2155 = DIRECTION('',(0.,1.,0.));
#2156 = ADVANCED_FACE('',(#2157,#2168),#2171,.T.);
#2157 = FACE_BOUND('',#2158,.T.);
#2158 = EDGE_LOOP('',(#2159));
#2159 = ORIENTED_EDGE('',*,*,#2160,.T.);
#2160 = EDGE_CURVE('',#2161,#2161,#2163,.T.);
#2161 = VERTEX_POINT('',#2162);
#2162 = CARTESIAN_POINT('',(-141.,43.,-60.75));
#2163 = CIRCLE('',#2164,2.5);
#2164 = AXIS2_PLACEMENT_3D('',#2165,#2166,#2167);
#2165 = CARTESIAN_POINT('',(-138.5,43.,-60.75));
#2166 = DIRECTION('',(0.,1.,-0.));
#2167 = DIRECTION('',(-1.,0.,0.));
#2168 = FACE_BOUND('',#2169,.T.);
#2169 = EDGE_LOOP('',(#2170));
#2170 = ORIENTED_EDGE('',*,*,#907,.T.);
#2171 = PLANE('',#2172);
#2172 = AXIS2_PLACEMENT_3D('',#2173,#2174,#2175);
#2173 = CARTESIAN_POINT('',(-7.66E-15,43.,1.375));
#2174 = DIRECTION('',(0.,1.,-2.3E-16));
#2175 = DIRECTION('',(0.,2.3E-16,1.));
#2176 = ADVANCED_FACE('',(#2177,#2188),#2191,.T.);
#2177 = FACE_BOUND('',#2178,.T.);
#2178 = EDGE_LOOP('',(#2179));
#2179 = ORIENTED_EDGE('',*,*,#2180,.T.);
#2180 = EDGE_CURVE('',#2181,#2181,#2183,.T.);
#2181 = VERTEX_POINT('',#2182);
#2182 = CARTESIAN_POINT('',(-9.5,43.,-60.75));
#2183 = CIRCLE('',#2184,2.5);
#2184 = AXIS2_PLACEMENT_3D('',#2185,#2186,#2187);
#2185 = CARTESIAN_POINT('',(-7.,43.,-60.75));
#2186 = DIRECTION('',(0.,1.,-0.));
#2187 = DIRECTION('',(-1.,0.,0.));
#2188 = FACE_BOUND('',#2189,.T.);
#2189 = EDGE_LOOP('',(#2190));
#2190 = ORIENTED_EDGE('',*,*,#932,.T.);
#2191 = PLANE('',#2192);
#2192 = AXIS2_PLACEMENT_3D('',#2193,#2194,#2195);
#2193 = CARTESIAN_POINT('',(-7.66E-15,43.,1.375));
#2194 = DIRECTION('',(0.,1.,-2.3E-16));
#2195 = DIRECTION('',(0.,2.3E-16,1.));
#2196 = ADVANCED_FACE('',(#2197,#2208),#2211,.T.);
#2197 = FACE_BOUND('',#2198,.T.);
#2198 = EDGE_LOOP('',(#2199));
#2199 = ORIENTED_EDGE('',*,*,#2200,.T.);
#2200 = EDGE_CURVE('',#2201,#2201,#2203,.T.);
#2201 = VERTEX_POINT('',#2202);
#2202 = CARTESIAN_POINT('',(-141.,43.,63.5));
#2203 = CIRCLE('',#2204,2.5);
#2204 = AXIS2_PLACEMENT_3D('',#2205,#2206,#2207);
#2205 = CARTESIAN_POINT('',(-138.5,43.,63.5));
#2206 = DIRECTION('',(0.,1.,-0.));
#2207 = DIRECTION('',(-1.,0.,0.));
#2208 = FACE_BOUND('',#2209,.T.);
#2209 = EDGE_LOOP('',(#2210));
#2210 = ORIENTED_EDGE('',*,*,#957,.T.);
#2211 = PLANE('',#2212);
#2212 = AXIS2_PLACEMENT_3D('',#2213,#2214,#2215);
#2213 = CARTESIAN_POINT('',(-7.66E-15,43.,1.375));
#2214 = DIRECTION('',(0.,1.,-2.3E-16));
#2215 = DIRECTION('',(0.,2.3E-16,1.));
#2216 = ADVANCED_FACE('',(#2217,#2228),#2231,.T.);
#2217 = FACE_BOUND('',#2218,.T.);
#2218 = EDGE_LOOP('',(#2219));
#2219 = ORIENTED_EDGE('',*,*,#2220,.T.);
#2220 = EDGE_CURVE('',#2221,#2221,#2223,.T.);
#2221 = VERTEX_POINT('',#2222);
#2222 = CARTESIAN_POINT('',(-9.5,43.,63.5));
#2223 = CIRCLE('',#2224,2.5);
#2224 = AXIS2_PLACEMENT_3D('',#2225,#2226,#2227);
#2225 = CARTESIAN_POINT('',(-7.,43.,63.5));
#2226 = DIRECTION('',(0.,1.,-0.));
#2227 = DIRECTION('',(-1.,0.,0.));
#2228 = FACE_BOUND('',#2229,.T.);
#2229 = EDGE_LOOP('',(#2230));
#2230 = ORIENTED_EDGE('',*,*,#982,.T.);
#2231 = PLANE('',#2232);
#2232 = AXIS2_PLACEMENT_3D('',#2233,#2234,#2235);
#2233 = CARTESIAN_POINT('',(-7.66E-15,43.,1.375));
#2234 = DIRECTION('',(0.,1.,-2.3E-16));
#2235 = DIRECTION('',(0.,2.3E-16,1.));
#2236 = ADVANCED_FACE('',(#2237),#2250,.F.);
#2237 = FACE_BOUND('',#2238,.F.);
#2238 = EDGE_LOOP('',(#2239,#2240,#2241,#2247,#2248,#2249));
#2239 = ORIENTED_EDGE('',*,*,#1121,.F.);
#2240 = ORIENTED_EDGE('',*,*,#1439,.F.);
#2241 = ORIENTED_EDGE('',*,*,#2242,.T.);
#2242 = EDGE_CURVE('',#1432,#2201,#2243,.T.);
#2243 = LINE('',#2244,#2245);
#2244 = CARTESIAN_POINT('',(-141.,53.,63.5));
#2245 = VECTOR('',#2246,1.);
#2246 = DIRECTION('',(0.,-1.,2.2E-16));
#2247 = ORIENTED_EDGE('',*,*,#2200,.T.);
#2248 = ORIENTED_EDGE('',*,*,#2242,.F.);
#2249 = ORIENTED_EDGE('',*,*,#1534,.F.);
#2250 = CYLINDRICAL_SURFACE('',#2251,2.5);
#2251 = AXIS2_PLACEMENT_3D('',#2252,#2253,#2254);
#2252 = CARTESIAN_POINT('',(-138.5,53.,63.5));
#2253 = DIRECTION('',(0.,1.,-2.2E-16));
#2254 = DIRECTION('',(-1.,0.,0.));
#2255 = ADVANCED_FACE('',(#2256),#2277,.F.);
#2256 = FACE_BOUND('',#2257,.F.);
#2257 = EDGE_LOOP('',(#2258,#2259,#2260,#2266,#2267,#2268,#2269,#2276));
#2258 = ORIENTED_EDGE('',*,*,#1104,.F.);
#2259 = ORIENTED_EDGE('',*,*,#1481,.F.);
#2260 = ORIENTED_EDGE('',*,*,#2261,.T.);
#2261 = EDGE_CURVE('',#1384,#2161,#2262,.T.);
#2262 = LINE('',#2263,#2264);
#2263 = CARTESIAN_POINT('',(-141.,53.,-60.75));
#2264 = VECTOR('',#2265,1.);
#2265 = DIRECTION('',(0.,-1.,2.2E-16));
#2266 = ORIENTED_EDGE('',*,*,#2160,.T.);
#2267 = ORIENTED_EDGE('',*,*,#2261,.F.);
#2268 = ORIENTED_EDGE('',*,*,#1383,.F.);
#2269 = ORIENTED_EDGE('',*,*,#2270,.F.);
#2270 = EDGE_CURVE('',#1693,#1359,#2271,.T.);
#2271 = CIRCLE('',#2272,2.5);
#2272 = AXIS2_PLACEMENT_3D('',#2273,#2274,#2275);
#2273 = CARTESIAN_POINT('',(-138.5,53.,-60.75));
#2274 = DIRECTION('',(0.,1.,-0.));
#2275 = DIRECTION('',(-1.,0.,0.));
#2276 = ORIENTED_EDGE('',*,*,#1692,.F.);
#2277 = CYLINDRICAL_SURFACE('',#2278,2.5);
#2278 = AXIS2_PLACEMENT_3D('',#2279,#2280,#2281);
#2279 = CARTESIAN_POINT('',(-138.5,53.,-60.75));
#2280 = DIRECTION('',(0.,1.,-2.2E-16));
#2281 = DIRECTION('',(-1.,0.,0.));
#2282 = ADVANCED_FACE('',(#2283),#2296,.F.);
#2283 = FACE_BOUND('',#2284,.F.);
#2284 = EDGE_LOOP('',(#2285,#2286,#2292,#2293,#2294,#2295));
#2285 = ORIENTED_EDGE('',*,*,#1078,.F.);
#2286 = ORIENTED_EDGE('',*,*,#2287,.T.);
#2287 = EDGE_CURVE('',#1079,#2181,#2288,.T.);
#2288 = LINE('',#2289,#2290);
#2289 = CARTESIAN_POINT('',(-9.5,53.,-60.75));
#2290 = VECTOR('',#2291,1.);
#2291 = DIRECTION('',(0.,-1.,2.2E-16));
#2292 = ORIENTED_EDGE('',*,*,#2180,.T.);
#2293 = ORIENTED_EDGE('',*,*,#2287,.F.);
#2294 = ORIENTED_EDGE('',*,*,#1087,.F.);
#2295 = ORIENTED_EDGE('',*,*,#1623,.F.);
#2296 = CYLINDRICAL_SURFACE('',#2297,2.5);
#2297 = AXIS2_PLACEMENT_3D('',#2298,#2299,#2300);
#2298 = CARTESIAN_POINT('',(-7.,53.,-60.75));
#2299 = DIRECTION('',(0.,1.,-2.2E-16));
#2300 = DIRECTION('',(-1.,0.,0.));
#2301 = ADVANCED_FACE('',(#2302,#2308),#2319,.T.);
#2302 = FACE_BOUND('',#2303,.T.);
#2303 = EDGE_LOOP('',(#2304,#2305,#2306,#2307));
#2304 = ORIENTED_EDGE('',*,*,#1291,.T.);
#2305 = ORIENTED_EDGE('',*,*,#1315,.T.);
#2306 = ORIENTED_EDGE('',*,*,#1054,.T.);
#2307 = ORIENTED_EDGE('',*,*,#1267,.T.);
#2308 = FACE_BOUND('',#2309,.F.);
#2309 = EDGE_LOOP('',(#2310));
#2310 = ORIENTED_EDGE('',*,*,#2311,.T.);
#2311 = EDGE_CURVE('',#2312,#2312,#2314,.T.);
#2312 = VERTEX_POINT('',#2313);
#2313 = CARTESIAN_POINT('',(-70.,51.5,73.5));
#2314 = CIRCLE('',#2315,1.5);
#2315 = AXIS2_PLACEMENT_3D('',#2316,#2317,#2318);
#2316 = CARTESIAN_POINT('',(-70.,50.,73.5));
#2317 = DIRECTION('',(0.,-0.,1.));
#2318 = DIRECTION('',(0.,1.,0.));
#2319 = PLANE('',#2320);
#2320 = AXIS2_PLACEMENT_3D('',#2321,#2322,#2323);
#2321 = CARTESIAN_POINT('',(7.142E-14,50.,73.5));
#2322 = DIRECTION('',(0.,0.,1.));
#2323 = DIRECTION('',(1.,0.,0.));
#2324 = ADVANCED_FACE('',(#2325,#2331),#2342,.T.);
#2325 = FACE_BOUND('',#2326,.T.);
#2326 = EDGE_LOOP('',(#2327,#2328,#2329,#2330));
#2327 = ORIENTED_EDGE('',*,*,#1202,.T.);
#2328 = ORIENTED_EDGE('',*,*,#1226,.T.);
#2329 = ORIENTED_EDGE('',*,*,#1250,.T.);
#2330 = ORIENTED_EDGE('',*,*,#1031,.T.);
#2331 = FACE_BOUND('',#2332,.F.);
#2332 = EDGE_LOOP('',(#2333));
#2333 = ORIENTED_EDGE('',*,*,#2334,.T.);
#2334 = EDGE_CURVE('',#2335,#2335,#2337,.T.);
#2335 = VERTEX_POINT('',#2336);
#2336 = CARTESIAN_POINT('',(-117.,51.5,73.5));
#2337 = CIRCLE('',#2338,1.5);
#2338 = AXIS2_PLACEMENT_3D('',#2339,#2340,#2341);
#2339 = CARTESIAN_POINT('',(-117.,50.,73.5));
#2340 = DIRECTION('',(0.,-0.,1.));
#2341 = DIRECTION('',(0.,1.,0.));
#2342 = PLANE('',#2343);
#2343 = AXIS2_PLACEMENT_3D('',#2344,#2345,#2346);
#2344 = CARTESIAN_POINT('',(7.142E-14,50.,73.5));
#2345 = DIRECTION('',(0.,0.,1.));
#2346 = DIRECTION('',(1.,0.,0.));
#2347 = ADVANCED_FACE('',(#2348),#2359,.F.);
#2348 = FACE_BOUND('',#2349,.F.);
#2349 = EDGE_LOOP('',(#2350,#2351,#2357,#2358));
#2350 = ORIENTED_EDGE('',*,*,#1796,.F.);
#2351 = ORIENTED_EDGE('',*,*,#2352,.T.);
#2352 = EDGE_CURVE('',#1797,#1131,#2353,.T.);
#2353 = LINE('',#2354,#2355);
#2354 = CARTESIAN_POINT('',(-129.5,0.,-8.5));
#2355 = VECTOR('',#2356,1.);
#2356 = DIRECTION('',(0.,1.,-2.2E-16));
#2357 = ORIENTED_EDGE('',*,*,#1130,.T.);
#2358 = ORIENTED_EDGE('',*,*,#2352,.F.);
#2359 = CYLINDRICAL_SURFACE('',#2360,1.);
#2360 = AXIS2_PLACEMENT_3D('',#2361,#2362,#2363);
#2361 = CARTESIAN_POINT('',(-130.5,0.,-8.5));
#2362 = DIRECTION('',(0.,-1.,2.2E-16));
#2363 = DIRECTION('',(1.,0.,0.));
#2364 = ADVANCED_FACE('',(#2365),#2376,.F.);
#2365 = FACE_BOUND('',#2366,.F.);
#2366 = EDGE_LOOP('',(#2367,#2368,#2374,#2375));
#2367 = ORIENTED_EDGE('',*,*,#1807,.F.);
#2368 = ORIENTED_EDGE('',*,*,#2369,.T.);
#2369 = EDGE_CURVE('',#1808,#1142,#2370,.T.);
#2370 = LINE('',#2371,#2372);
#2371 = CARTESIAN_POINT('',(-97.5,0.,-8.5));
#2372 = VECTOR('',#2373,1.);
#2373 = DIRECTION('',(0.,1.,-2.2E-16));
#2374 = ORIENTED_EDGE('',*,*,#1141,.T.);
#2375 = ORIENTED_EDGE('',*,*,#2369,.F.);
#2376 = CYLINDRICAL_SURFACE('',#2377,1.);
#2377 = AXIS2_PLACEMENT_3D('',#2378,#2379,#2380);
#2378 = CARTESIAN_POINT('',(-98.5,0.,-8.5));
#2379 = DIRECTION('',(0.,-1.,2.2E-16));
#2380 = DIRECTION('',(1.,0.,0.));
#2381 = ADVANCED_FACE('',(#2382),#2393,.F.);
#2382 = FACE_BOUND('',#2383,.F.);
#2383 = EDGE_LOOP('',(#2384,#2385,#2391,#2392));
#2384 = ORIENTED_EDGE('',*,*,#1818,.F.);
#2385 = ORIENTED_EDGE('',*,*,#2386,.T.);
#2386 = EDGE_CURVE('',#1819,#1153,#2387,.T.);
#2387 = LINE('',#2388,#2389);
#2388 = CARTESIAN_POINT('',(-95.,0.,7.5));
#2389 = VECTOR('',#2390,1.);
#2390 = DIRECTION('',(0.,1.,-2.2E-16));
#2391 = ORIENTED_EDGE('',*,*,#1152,.T.);
#2392 = ORIENTED_EDGE('',*,*,#2386,.F.);
#2393 = CYLINDRICAL_SURFACE('',#2394,19.5);
#2394 = AXIS2_PLACEMENT_3D('',#2395,#2396,#2397);
#2395 = CARTESIAN_POINT('',(-114.5,0.,7.5));
#2396 = DIRECTION('',(0.,-1.,2.2E-16));
#2397 = DIRECTION('',(1.,0.,0.));
#2398 = ADVANCED_FACE('',(#2399),#2410,.F.);
#2399 = FACE_BOUND('',#2400,.F.);
#2400 = EDGE_LOOP('',(#2401,#2402,#2408,#2409));
#2401 = ORIENTED_EDGE('',*,*,#1829,.F.);
#2402 = ORIENTED_EDGE('',*,*,#2403,.T.);
#2403 = EDGE_CURVE('',#1830,#1164,#2404,.T.);
#2404 = LINE('',#2405,#2406);
#2405 = CARTESIAN_POINT('',(-129.5,7.105427357601E-15,23.5));
#2406 = VECTOR('',#2407,1.);
#2407 = DIRECTION('',(0.,1.,-2.2E-16));
#2408 = ORIENTED_EDGE('',*,*,#1163,.T.);
#2409 = ORIENTED_EDGE('',*,*,#2403,.F.);
#2410 = CYLINDRICAL_SURFACE('',#2411,1.);
#2411 = AXIS2_PLACEMENT_3D('',#2412,#2413,#2414);
#2412 = CARTESIAN_POINT('',(-130.5,7.105427357601E-15,23.5));
#2413 = DIRECTION('',(0.,-1.,2.2E-16));
#2414 = DIRECTION('',(1.,0.,0.));
#2415 = ADVANCED_FACE('',(#2416),#2427,.F.);
#2416 = FACE_BOUND('',#2417,.F.);
#2417 = EDGE_LOOP('',(#2418,#2419,#2425,#2426));
#2418 = ORIENTED_EDGE('',*,*,#1840,.F.);
#2419 = ORIENTED_EDGE('',*,*,#2420,.T.);
#2420 = EDGE_CURVE('',#1841,#1175,#2421,.T.);
#2421 = LINE('',#2422,#2423);
#2422 = CARTESIAN_POINT('',(-97.5,7.105427357601E-15,23.5));
#2423 = VECTOR('',#2424,1.);
#2424 = DIRECTION('',(0.,1.,-2.2E-16));
#2425 = ORIENTED_EDGE('',*,*,#1174,.T.);
#2426 = ORIENTED_EDGE('',*,*,#2420,.F.);
#2427 = CYLINDRICAL_SURFACE('',#2428,1.);
#2428 = AXIS2_PLACEMENT_3D('',#2429,#2430,#2431);
#2429 = CARTESIAN_POINT('',(-98.5,7.105427357601E-15,23.5));
#2430 = DIRECTION('',(0.,-1.,2.2E-16));
#2431 = DIRECTION('',(1.,0.,0.));
#2432 = ADVANCED_FACE('',(#2433),#2444,.F.);
#2433 = FACE_BOUND('',#2434,.F.);
#2434 = EDGE_LOOP('',(#2435,#2441,#2442,#2443));
#2435 = ORIENTED_EDGE('',*,*,#2436,.T.);
#2436 = EDGE_CURVE('',#1186,#2221,#2437,.T.);
#2437 = LINE('',#2438,#2439);
#2438 = CARTESIAN_POINT('',(-9.5,53.,63.5));
#2439 = VECTOR('',#2440,1.);
#2440 = DIRECTION('',(0.,-1.,2.2E-16));
#2441 = ORIENTED_EDGE('',*,*,#2220,.T.);
#2442 = ORIENTED_EDGE('',*,*,#2436,.F.);
#2443 = ORIENTED_EDGE('',*,*,#1185,.F.);
#2444 = CYLINDRICAL_SURFACE('',#2445,2.5);
#2445 = AXIS2_PLACEMENT_3D('',#2446,#2447,#2448);
#2446 = CARTESIAN_POINT('',(-7.,53.,63.5));
#2447 = DIRECTION('',(0.,1.,-2.2E-16));
#2448 = DIRECTION('',(-1.,0.,0.));
#2449 = ADVANCED_FACE('',(#2450),#2455,.T.);
#2450 = FACE_BOUND('',#2451,.T.);
#2451 = EDGE_LOOP('',(#2452,#2453,#2454));
#2452 = ORIENTED_EDGE('',*,*,#2270,.F.);
#2453 = ORIENTED_EDGE('',*,*,#1745,.T.);
#2454 = ORIENTED_EDGE('',*,*,#1358,.T.);
#2455 = PLANE('',#2456);
#2456 = AXIS2_PLACEMENT_3D('',#2457,#2458,#2459);
#2457 = CARTESIAN_POINT('',(5.93E-15,53.,5.406728045326));
#2458 = DIRECTION('',(0.,1.,3.4E-16));
#2459 = DIRECTION('',(0.,-3.4E-16,1.));
#2460 = ADVANCED_FACE('',(#2461),#2467,.F.);
#2461 = FACE_BOUND('',#2462,.F.);
#2462 = EDGE_LOOP('',(#2463,#2464,#2465,#2466));
#2463 = ORIENTED_EDGE('',*,*,#1867,.T.);
#2464 = ORIENTED_EDGE('',*,*,#1881,.T.);
#2465 = ORIENTED_EDGE('',*,*,#1994,.F.);
#2466 = ORIENTED_EDGE('',*,*,#1771,.F.);
#2467 = PLANE('',#2468);
#2468 = AXIS2_PLACEMENT_3D('',#2469,#2470,#2471);
#2469 = CARTESIAN_POINT('',(-8.5,49.,15.));
#2470 = DIRECTION('',(-1.,0.,0.));
#2471 = DIRECTION('',(0.,-2.2E-16,-1.));
#2472 = ADVANCED_FACE('',(#2473),#2479,.T.);
#2473 = FACE_BOUND('',#2474,.T.);
#2474 = EDGE_LOOP('',(#2475,#2476,#2477,#2478));
#2475 = ORIENTED_EDGE('',*,*,#1938,.T.);
#2476 = ORIENTED_EDGE('',*,*,#1899,.T.);
#2477 = ORIENTED_EDGE('',*,*,#1977,.F.);
#2478 = ORIENTED_EDGE('',*,*,#1952,.F.);
#2479 = PLANE('',#2480);
#2480 = AXIS2_PLACEMENT_3D('',#2481,#2482,#2483);
#2481 = CARTESIAN_POINT('',(-7.500000000016,49.,14.000000000016));
#2482 = DIRECTION('',(-1.,0.,0.));
#2483 = DIRECTION('',(0.,-2.2E-16,-1.));
#2484 = ADVANCED_FACE('',(#2485),#2488,.T.);
#2485 = FACE_BOUND('',#2486,.T.);
#2486 = EDGE_LOOP('',(#2487));
#2487 = ORIENTED_EDGE('',*,*,#2019,.T.);
#2488 = PLANE('',#2489);
#2489 = AXIS2_PLACEMENT_3D('',#2490,#2491,#2492);
#2490 = CARTESIAN_POINT('',(-10.,47.833333333338,1.374999999997));
#2491 = DIRECTION('',(1.,0.,0.));
#2492 = DIRECTION('',(0.,0.,1.));
#2493 = ADVANCED_FACE('',(#2494),#2497,.T.);
#2494 = FACE_BOUND('',#2495,.T.);
#2495 = EDGE_LOOP('',(#2496));
#2496 = ORIENTED_EDGE('',*,*,#2044,.T.);
#2497 = PLANE('',#2498);
#2498 = AXIS2_PLACEMENT_3D('',#2499,#2500,#2501);
#2499 = CARTESIAN_POINT('',(-10.,47.833333333338,1.374999999997));
#2500 = DIRECTION('',(1.,0.,0.));
#2501 = DIRECTION('',(0.,0.,1.));
#2502 = ADVANCED_FACE('',(#2503),#2506,.T.);
#2503 = FACE_BOUND('',#2504,.T.);
#2504 = EDGE_LOOP('',(#2505));
#2505 = ORIENTED_EDGE('',*,*,#2069,.T.);
#2506 = PLANE('',#2507);
#2507 = AXIS2_PLACEMENT_3D('',#2508,#2509,#2510);
#2508 = CARTESIAN_POINT('',(-10.,47.833333333338,1.374999999997));
#2509 = DIRECTION('',(1.,0.,0.));
#2510 = DIRECTION('',(0.,0.,1.));
#2511 = ADVANCED_FACE('',(#2512),#2515,.T.);
#2512 = FACE_BOUND('',#2513,.T.);
#2513 = EDGE_LOOP('',(#2514));
#2514 = ORIENTED_EDGE('',*,*,#2094,.T.);
#2515 = PLANE('',#2516);
#2516 = AXIS2_PLACEMENT_3D('',#2517,#2518,#2519);
#2517 = CARTESIAN_POINT('',(-10.,47.833333333338,1.374999999997));
#2518 = DIRECTION('',(1.,0.,0.));
#2519 = DIRECTION('',(0.,0.,1.));
#2520 = ADVANCED_FACE('',(#2521),#2524,.T.);
#2521 = FACE_BOUND('',#2522,.T.);
#2522 = EDGE_LOOP('',(#2523));
#2523 = ORIENTED_EDGE('',*,*,#2119,.T.);
#2524 = PLANE('',#2525);
#2525 = AXIS2_PLACEMENT_3D('',#2526,#2527,#2528);
#2526 = CARTESIAN_POINT('',(-10.,47.833333333338,1.374999999997));
#2527 = DIRECTION('',(1.,0.,0.));
#2528 = DIRECTION('',(0.,0.,1.));
#2529 = ADVANCED_FACE('',(#2530),#2533,.T.);
#2530 = FACE_BOUND('',#2531,.T.);
#2531 = EDGE_LOOP('',(#2532));
#2532 = ORIENTED_EDGE('',*,*,#2144,.T.);
#2533 = PLANE('',#2534);
#2534 = AXIS2_PLACEMENT_3D('',#2535,#2536,#2537);
#2535 = CARTESIAN_POINT('',(-10.,47.833333333338,1.374999999997));
#2536 = DIRECTION('',(1.,0.,0.));
#2537 = DIRECTION('',(0.,0.,1.));
#2538 = ADVANCED_FACE('',(#2539),#2558,.F.);
#2539 = FACE_BOUND('',#2540,.F.);
#2540 = EDGE_LOOP('',(#2541,#2549,#2550,#2551));
#2541 = ORIENTED_EDGE('',*,*,#2542,.F.);
#2542 = EDGE_CURVE('',#2312,#2543,#2545,.T.);
#2543 = VERTEX_POINT('',#2544);
#2544 = CARTESIAN_POINT('',(-70.,51.5,67.5));
#2545 = LINE('',#2546,#2547);
#2546 = CARTESIAN_POINT('',(-70.,51.5,73.5));
#2547 = VECTOR('',#2548,1.);
#2548 = DIRECTION('',(-0.,-0.,-1.));
#2549 = ORIENTED_EDGE('',*,*,#2311,.F.);
#2550 = ORIENTED_EDGE('',*,*,#2542,.T.);
#2551 = ORIENTED_EDGE('',*,*,#2552,.T.);
#2552 = EDGE_CURVE('',#2543,#2543,#2553,.T.);
#2553 = CIRCLE('',#2554,1.5);
#2554 = AXIS2_PLACEMENT_3D('',#2555,#2556,#2557);
#2555 = CARTESIAN_POINT('',(-70.,50.,67.5));
#2556 = DIRECTION('',(0.,-0.,1.));
#2557 = DIRECTION('',(2.2E-16,1.,0.));
#2558 = CYLINDRICAL_SURFACE('',#2559,1.5);
#2559 = AXIS2_PLACEMENT_3D('',#2560,#2561,#2562);
#2560 = CARTESIAN_POINT('',(-70.,50.,73.5));
#2561 = DIRECTION('',(0.,0.,1.));
#2562 = DIRECTION('',(2.2E-16,1.,0.));
#2563 = ADVANCED_FACE('',(#2564),#2583,.F.);
#2564 = FACE_BOUND('',#2565,.F.);
#2565 = EDGE_LOOP('',(#2566,#2574,#2575,#2576));
#2566 = ORIENTED_EDGE('',*,*,#2567,.F.);
#2567 = EDGE_CURVE('',#2335,#2568,#2570,.T.);
#2568 = VERTEX_POINT('',#2569);
#2569 = CARTESIAN_POINT('',(-117.,51.5,67.5));
#2570 = LINE('',#2571,#2572);
#2571 = CARTESIAN_POINT('',(-117.,51.5,73.5));
#2572 = VECTOR('',#2573,1.);
#2573 = DIRECTION('',(-0.,-0.,-1.));
#2574 = ORIENTED_EDGE('',*,*,#2334,.F.);
#2575 = ORIENTED_EDGE('',*,*,#2567,.T.);
#2576 = ORIENTED_EDGE('',*,*,#2577,.T.);
#2577 = EDGE_CURVE('',#2568,#2568,#2578,.T.);
#2578 = CIRCLE('',#2579,1.5);
#2579 = AXIS2_PLACEMENT_3D('',#2580,#2581,#2582);
#2580 = CARTESIAN_POINT('',(-117.,50.,67.5));
#2581 = DIRECTION('',(0.,-0.,1.));
#2582 = DIRECTION('',(2.2E-16,1.,0.));
#2583 = CYLINDRICAL_SURFACE('',#2584,1.5);
#2584 = AXIS2_PLACEMENT_3D('',#2585,#2586,#2587);
#2585 = CARTESIAN_POINT('',(-117.,50.,73.5));
#2586 = DIRECTION('',(0.,0.,1.));
#2587 = DIRECTION('',(2.2E-16,1.,0.));
#2588 = ADVANCED_FACE('',(#2589),#2592,.T.);
#2589 = FACE_BOUND('',#2590,.T.);
#2590 = EDGE_LOOP('',(#2591));
#2591 = ORIENTED_EDGE('',*,*,#2552,.T.);
#2592 = PLANE('',#2593);
#2593 = AXIS2_PLACEMENT_3D('',#2594,#2595,#2596);
#2594 = CARTESIAN_POINT('',(0.,46.,67.5));
#2595 = DIRECTION('',(0.,-1.E-15,1.));
#2596 = DIRECTION('',(0.,1.,1.E-15));
#2597 = ADVANCED_FACE('',(#2598),#2601,.T.);
#2598 = FACE_BOUND('',#2599,.T.);
#2599 = EDGE_LOOP('',(#2600));
#2600 = ORIENTED_EDGE('',*,*,#2577,.T.);
#2601 = PLANE('',#2602);
#2602 = AXIS2_PLACEMENT_3D('',#2603,#2604,#2605);
#2603 = CARTESIAN_POINT('',(0.,46.,67.5));
#2604 = DIRECTION('',(0.,-1.E-15,1.));
#2605 = DIRECTION('',(0.,1.,1.E-15));
#2606 = ( GEOMETRIC_REPRESENTATION_CONTEXT(3) 
GLOBAL_UNCERTAINTY_ASSIGNED_CONTEXT((#2610)) 
GLOBAL_UNIT_ASSIGNED_CONTEXT((#2607,#2608,#2609)) REPRESENTATION_CONTEXT
('Context #1','3D Context with UNIT and UNCERTAINTY') );
#2607 = ( LENGTH_UNIT() NAMED_UNIT(*) SI_UNIT(.MILLI.,.METRE.) );
#2608 = ( NAMED_UNIT(*) PLANE_ANGLE_UNIT() SI_UNIT($,.RADIAN.) );
#2609 = ( NAMED_UNIT(*) SI_UNIT($,.STERADIAN.) SOLID_ANGLE_UNIT() );
#2610 = UNCERTAINTY_MEASURE_WITH_UNIT(LENGTH_MEASURE(5.E-05),#2607,
  'distance_accuracy_value','confusion accuracy');
#2611 = PRODUCT_RELATED_PRODUCT_CATEGORY('part',$,(#7));
#2612 = MECHANICAL_DESIGN_GEOMETRIC_PRESENTATION_REPRESENTATION('',(
    #2613),#2606);
#2613 = STYLED_ITEM('color',(#2614),#15);
#2614 = PRESENTATION_STYLE_ASSIGNMENT((#2615,#2621));
#2615 = SURFACE_STYLE_USAGE(.BOTH.,#2616);
#2616 = SURFACE_SIDE_STYLE('',(#2617));
#2617 = SURFACE_STYLE_FILL_AREA(#2618);
#2618 = FILL_AREA_STYLE('',(#2619));
#2619 = FILL_AREA_STYLE_COLOUR('',#2620);
#2620 = COLOUR_RGB('',0.678431390124,0.709803936702,0.741176476869);
#2621 = CURVE_STYLE('',#2622,POSITIVE_LENGTH_MEASURE(0.1),#2623);
#2622 = DRAUGHTING_PRE_DEFINED_CURVE_FONT('continuous');
#2623 = COLOUR_RGB('',9.803921802644E-02,9.803921802644E-02,
  9.803921802644E-02);
ENDSEC;
END-ISO-10303-21;
